userid,name,email,password,remember_token,created_at,updated_at,provider,provider_id,registered_at,api_token,displayname
1,Superadministrator,superadministrator@app.com,$2y$12$HEx0ptd1He5rotAtdmNx1.bmBZ8eV20M5.r2MyhFVgLel07t1OyVC,uWDLwrwVVFtEoICx1zT3qkN81NKeGjOUimTBNIeI0xsMd3pTcfd1l2frrk8s,2018-11-25 02:19:52,2018-11-25 02:19:52,NULL,NULL,2018-11-25 02:19:52,e57w9AtCpSV2qqsXfQ5UUsyz3f02nWssEAGGnhZXaJVoqjr2Hdv87lVH1JAE,
2,Administrator,administrator@app.com,$2y$10$pmIu7z1uVDNyHucpjcBTbub8HDUc3y9VJ0c0dHjaLlPKsbfzIFjym,NULL,2018-11-25 02:19:53,2018-11-25 02:19:53,NULL,NULL,2018-11-25 02:19:53,oEIAQekHrJ8wnPtKcU9i985b6FnKdFM2qGjzrOSzN3QnlQ3Cto5t1mVEzmFM,
3,User,user@app.com,$2y$10$mlF9xrT5ewrNTXO4.5/.bumsCksH5JYucYS6NtKI9s9Oo/9WtXHsq,NULL,2018-11-25 02:19:53,2018-11-25 02:19:53,NULL,NULL,2018-11-25 02:19:53,NWKdnUtvlgM6KQqTJKv3SnP5WKQnzEjEAti8b4H5cq7x950oLhbXvVLWeWRp,
4,Cru User,cru_user@app.com,$2y$10$Bx9/v7wuJ/iaUtsKC27DHOslD.hzfR66rrNNnJkjFJ4hLwzTKV5Mq,xkOkNYT6KH,2018-11-25 02:19:53,2018-11-25 02:19:53,NULL,NULL,2018-11-25 02:19:53,ReddP2Hn2cF7cdhap3ORYHKiNSLMRwjEcQEFBrAL8Y4MjypnHbv7EcvFCLxX,
8,CEO,ceo@app.com,$2y$12$HEx0ptd1He5rotAtdmNx1.bmBZ8eV20M5.r2MyhFVgLel07t1OyVC,pgNso03eotC50frxkVpP6Dxehvz39kFOXfRCIVMRj3y414Sw6HJqBPXBkbZa,2018-12-01 04:51:07,2018-12-01 04:51:07,NULL,NULL,2018-12-01 04:51:07,cm5UhLan6UkGQVR5y8Uh37oALBWTabkhZ2QZYoFYGkPpHj6aEpmS75t3qt0z,
9,esuperadmin,esuperadmin@gmail.com,$2y$10$DRAVhPcPj1N/ajlfu3e2X.vubdKbxRcWLRQTMf9Mbl76Y2nBdZlIW,NULL,2018-12-01 10:13:53,2018-12-01 10:13:53,NULL,NULL,2018-12-01 10:13:53,BNFT3CxsLezWGlCOZfb8Ui3HzgPbihwvrYgDX83GG4594KzkzLAqSowddwEm,
10,Returning Officer,ro@app.com,$2y$12$HEx0ptd1He5rotAtdmNx1.bmBZ8eV20M5.r2MyhFVgLel07t1OyVC,E1jNuOGSOY8cSvcrJ4zJD0T43ng23c4HMDrSnKCI7RWKhJFXYATYH1Keiksc,2018-12-10 01:38:20,2018-12-10 01:38:20,NULL,NULL,2018-12-10 01:38:20,kYgwt8kXWOI08Qz0TQOxqFoPEMCTv7zMjJ1hU8HhIDdfzOAe02BYoX8LYsqx,
11,Presiding officer,po@app.com,$2y$10$b1sOOKkBYWxvgPFZm7zj6.jeUrTg1iMUtZqzHpF6eacWveyDtaYNK,0xYEP1SS0b0gbufkOXF9BKLdcTk3IOtYS0eumHHGjCqlFLuHQ9w45mcdwndY,2018-12-11 06:53:29,2018-12-11 06:53:29,NULL,NULL,2018-12-11 06:53:29,UZNKVAl2H18zlsd6l91gMlbtq8DzoZbIlS1FgGfTnnbmmgoiNk0WYc8whXfr,
157,342325,5345543@app.com,$2y$10$hjnW3U788zev5Db/7ymiXOaXSRlVGBfQUVgHemAEnkZsWAWLLCCbq,NULL,2018-12-12 11:27:54,2018-12-12 11:27:54,,5345543@app.com,2018-12-12 11:27:54,2LuQ3SY2MY7ilUzJQCQwfNx5l7ua7xRQFAvi47lwEXnkbddxTafuSYwNrqVh,
158,235235,3453234@app.com,$2y$10$aln8flfbd7yb9uijwWPBWOwXLR2fxx0IFMxFiGIJtmWpQNv.Y4Ol.,NULL,2018-12-12 11:27:55,2018-12-12 11:27:55,,3453234@app.com,2018-12-12 11:27:55,Uj0LxOKZgsE6qx7F9Ql3jAzR7pHo5VrC1TDFjCm06TJT4SIXegT2CYVTCVwz,
159,3252,3453@app.com,$2y$10$7EdgV6yqO3xUCiso6ZmGkeJO.f06QMOyFgGJYSWBaPLgW6RXpGLXO,NULL,2018-12-12 11:27:55,2018-12-12 11:27:55,,3453@app.com,2018-12-12 11:27:55,oZynOX3wdE2LLPhNeCrH8vIcXANp1zPRSS7Qh9604pACkXXvSjjhGTdqP0yX,
160,23523,345345@app.com,$2y$10$zGrnGhz65/GBtzBQ/gabM.nxVmp3lP8AXQIgXN/gr9vRzDq85wFMS,NULL,2018-12-12 11:27:56,2018-12-12 11:27:56,,345345@app.com,2018-12-12 11:27:56,YHPLvLGwvZraVD8JO4JyvyxWXY5YqKHQjUNCa4JAhGzRJG67n5v7ruvnEcKZ,
161,3253,3453214@app.com,$2y$10$aHBBn1Ak3/g6CwmEu3nUtefTLnt2SJoH487asWIQy4dBqkin9AH9C,NULL,2018-12-12 11:27:56,2018-12-12 11:27:56,,3453214@app.com,2018-12-12 11:27:56,VGHBy8K3RVEExSTmY0WKnqlq0xIfddPmjBQNsiJBxwvbELWxBYHxu0rupwpf,
162,2352,54334@gmail.com,$2y$10$pzo38/Mfex5ZYZPGeewJNecw9/W2msyRLmR5fH6EQkvlK0MgA7Hsi,NULL,2018-12-12 11:27:57,2018-12-12 11:27:57,,54334@gmail.com,2018-12-12 11:27:57,nnQD7yaPFz8JUCzk3F7XaTTeWO2DFW06psnGOd2d65wLp9swVXBXzJoRbbyi,
163,6445,4454@app.com,$2y$10$WquxguPkcTYoqyP1jTXjd.O.ZCTYRZDIAjMloABglgHX40cm2BNpW,NULL,2018-12-12 11:27:57,2018-12-12 11:27:57,,4454@app.com,2018-12-12 11:27:57,XnFNxwZ9iNBHoyoCnfhzvaUUIB5ImeWzv5irCZZYou8kpzL3T2XQY8UtZQjt,
164,2352,546456@app.com,$2y$10$Q1LoJdObrXflpbqZPPOikO40moQ5vpPzjpDfNqzvBgrbKKeg4KgtO,opd9ibtqCAq9himuimPIk5ervSl9whdTHMiPa1wVAywqNj1gzDCFkAiHXqSz,2018-12-12 11:27:57,2018-12-12 11:27:57,,546456@app.com,2018-12-12 11:27:57,IqrfdQrbexWU5vOeiGiTWZnVCQ6gIJujpmTeZn54ALIW26GWjaQp8jUyptB9,
165,1,1@app.com,$2y$10$d6fuVpHC1CiPl/Z4QI/i8uwao7IAwD/x6.lkougUero2mBTVMRQne,NULL,2018-12-12 11:56:38,2018-12-12 11:56:38,,1@app.com,2018-12-12 11:56:38,kWb3YKeiYzx5RUSHJKhOvTs77bLsneLwIKzEpzNrDFaDozU3r7OLfQm7u0xb,
166,2,2@app.com,$2y$10$oWclDeNMpY2wVlrLPLeAi.1S4yV6BDOlSuRgEuRoHZapZ/6FzEd3i,NULL,2018-12-12 11:56:38,2018-12-12 11:56:38,,2@app.com,2018-12-12 11:56:38,Vdr98gjk8VLgQLYUXk6bxHX6k1LdKl6u6XJzkqPOHvyULsQrsd8gYhnwnYjm,
167,3,3@app.com,$2y$10$eNkMROfHI/DS7KHK0kZXpuzGCGgghOtnC4KkQt07x5IYpsSStrX0y,NULL,2018-12-12 11:56:39,2018-12-12 11:56:39,,3@app.com,2018-12-12 11:56:39,BI1z97UZsSqIZHqijYr6hqH1zL0K1VM9s5cGfoDUbI5K6Hxm6RGiuOkten7H,
168,4,4@app.com,$2y$10$95lo71nOm3MrSVhJRTJn9.30dg7f/k669F6lTz3lOtdJKycmpA0xC,NULL,2018-12-12 11:56:39,2018-12-12 11:56:39,,4@app.com,2018-12-12 11:56:39,vPuGqvccTqtarBz3dhzYbNkEYVy3a2cy8H4S254pYs5pgB2FrJEl69rhq2hy,
169,5,5@app.com,$2y$10$9p3wzEMpDyy5cXxaPZJXUeNEN.CyJI2AbArhnmW.g.hFTCvd1JmIu,NULL,2018-12-12 11:56:40,2018-12-12 11:56:40,,5@app.com,2018-12-12 11:56:40,eHsly7EJgmHPcnGXhonqdz5g5cpka1xcBqTJo8rbiQ68tJ6vDb1zIty8WCLn,
170,6,6@app.com,$2y$10$E9BOpqB9iW59qTDuJm4bSejlq9uDRcl7UTlqKx1TDVJtzNJQJyI5u,NULL,2018-12-12 11:56:40,2018-12-12 11:56:40,,6@app.com,2018-12-12 11:56:40,FPbsnVAhvLzxwX4zLzEzjGrOwsYuaphfL7EIZoAQ1RZZaNHVirXDiHdrzGgT,
171,7,7@app.com,$2y$10$zfSwh7dw9GSqwHsUqo8M1u0XI4w2lbM2NpbWxC8y4MFfsAXx.gyma,NULL,2018-12-12 11:56:41,2018-12-12 11:56:41,,7@app.com,2018-12-12 11:56:41,3cAIi2tTFuNH97uRHUINSQnfJceQiUXiAKRYqfmBKSUx4xS4L8QhkK8GA0N2,
172,8,8@app.com,$2y$10$jzcJm7rflV6BBW0pw0cmu.tuDs3tv3xEbBsXzQNB7wLX6am6XRTOa,NULL,2018-12-12 11:56:41,2018-12-12 11:56:41,,8@app.com,2018-12-12 11:56:41,4sDBSi03A7S19KQiv2KqHs2EZWRoiGNmfgcP5zsWGs8OHLuJYjJpcuG1dX9V,
173,9,9@app.com,$2y$10$dOYXoGjZiDK59mK/j5OXseMHqvquAa4mVvBhCCZN5t2otqdScH0Su,NULL,2018-12-12 11:56:41,2018-12-12 11:56:41,,9@app.com,2018-12-12 11:56:41,vWWazwIzUdrYTWySaTU7m9vRTVG9kjNMHoeEtviwfV4e4jbkHFXzaIfjQKpa,
174,10,10@app.com,$2y$10$Shbohl0qV2cMONYNVGqaI.G0uAANwcaJ9EJII5GUojuk80qdnscAu,NULL,2018-12-12 11:56:42,2018-12-12 11:56:42,,10@app.com,2018-12-12 11:56:42,201QZigELiL7aFlZvIzGEiZ2upyNi32LX4vTyJEcMRyX93TzzsU6w5nGwtJB,
175,11,11@app.com,$2y$10$Xd92JDD4lB0m1qYypLqQ0O9EDGaiDYBN0caXeSY5kbt9W90xfAcn.,NULL,2018-12-12 11:56:42,2018-12-12 11:56:42,,11@app.com,2018-12-12 11:56:42,wFVPQfx3wtBDxVZWkIzgcdHxoJXHx418eb4gbFrwLTjJhE3vhNRXy3jzUltL,
176,12,12@app.com,$2y$10$eaRG0.ELh/vHeGDo3TP.3eL22puOds1w4PYUMkL/lB5mTeNldwk/i,NULL,2018-12-12 11:56:43,2018-12-12 11:56:43,,12@app.com,2018-12-12 11:56:43,8vo3by6rdkeV63TYUNHNgJ3Twa3v2xVOil3mMN61jm5MfIfRFnFlhik1wep0,
177,13,13@app.com,$2y$10$AT5MeCIxSlSXjmklow8zMO19zrYkvzLEzXDlBrw5FqBz8Nl5bbyNC,NULL,2018-12-12 11:56:43,2018-12-12 11:56:43,,13@app.com,2018-12-12 11:56:43,ewx4Ane05vvo9KxCXhfj1JztPrBqIcT6SJfsNLG82t18P1uMxoZWmgvnhdps,
178,14,14@app.com,$2y$10$gWMlr12Q/feNs569TOUr4efv4s4MHlBxO9x0QAbIrqhy/Oxc5GTuC,NULL,2018-12-12 11:56:44,2018-12-12 11:56:44,,14@app.com,2018-12-12 11:56:44,moOaT9NFIEYw9XUrLfJDsjio1aAXjmzW1bRBFwfhyZdjvlyXo5Rp7ZqWmomL,
179,15,15@app.com,$2y$10$FbUGGk8FlFwocDmZ8Pp1KuvXIxSqcLC3KfuTMVMYo.PFrzQ/fjjbC,NULL,2018-12-12 11:56:44,2018-12-12 11:56:44,,15@app.com,2018-12-12 11:56:44,gqzNa5G4SsbqL5hYdCahEYBtNIQCSMHbKht9Ned90ejXp5GZRdSWbkCx1bMx,
180,16,16@app.com,$2y$10$uLBuky7/T/.K/kXcNXufg..Vd7Tj8vRZ.5apjYZF0Df4DO9V/l5uy,NULL,2018-12-12 11:56:45,2018-12-12 11:56:45,,16@app.com,2018-12-12 11:56:45,abgZFLRyyt6hpVHa9wOhk9SgmG1EDL1DXcsp0dvnxwP1bjzJM925pnS4gkL7,
181,17,17@app.com,$2y$10$Q5Hg18LGwdTNpM3iEIzyfOxRyt64Wo/SqTtIn5QTt9QWUcClVUioa,NULL,2018-12-12 11:56:45,2018-12-12 11:56:45,,17@app.com,2018-12-12 11:56:45,i85yMXQyvTEWqkZAUYlAxoRVdOHfbhHFBbupNhJXZ8Da3UbDcU30PzQZtnCm,
182,18,18@app.com,$2y$10$j8R6iz13imTCmLP8gUYd3OMMP.wHypaCkJq3r6B3B5Rp4vxGqCMzG,NULL,2018-12-12 11:56:45,2018-12-12 11:56:45,,18@app.com,2018-12-12 11:56:45,xRWVD1C9procws5958n3KAx3WEOqu5X3kSIRk0hqIHrl9Dc6kDG4afj9YVBF,
183,19,19@app.com,$2y$10$U93YF5M94XaZAexVyqENxOBf5J.C.y1nSOFseoZ6fbq3FTIn/aQYS,NULL,2018-12-12 11:56:46,2018-12-12 11:56:46,,19@app.com,2018-12-12 11:56:46,Lyt4VFA5n06QkHnGcK3AIQukT1uwqSvv2rK8p8RoJhJnpMgDjQmAy58Bd7wd,
184,20,20@app.com,$2y$10$vJ7U.3f72oV/Ze6euXn6aetPk4vVpFoYDKTjuFV01Cv41qc9eY.Mm,NULL,2018-12-12 11:56:46,2018-12-12 11:56:46,,20@app.com,2018-12-12 11:56:46,pAis6qJsY5gzvr62JZL9C9cOtSIVLFJOfq2PFlT8Nmf2A6ytd0MOOd53i3yZ,
185,21,21@app.com,$2y$10$2qdrK0QQMKexx27SIsEBxOL5JN1l5U3OgbskHalK.1K3OA1O366FC,NULL,2018-12-12 11:56:47,2018-12-12 11:56:47,,21@app.com,2018-12-12 11:56:47,eLo8kJTrvQuDYee08TJzVpXhLcSkuSAy0hPWiPFFWwfVdf6wew8u8Dmr3SyH,
186,22,22@app.com,$2y$10$sOCH4hn1m7aZnr/yKzVNoebU06CIXY0tlDDLf2DwR96HKxqe0cwt6,NULL,2018-12-12 11:56:47,2018-12-12 11:56:47,,22@app.com,2018-12-12 11:56:47,BZsDlYjz2GTHHtSWoxthpdHCDTwb2oYOZbuYejXbkSbxtRb8qsBioEHRw5xz,
187,23,23@app.com,$2y$10$xtPGWzcxwsAkC5DSbHSkC.MIYdEZfc13Y3N653VN1gJ.Z5PAteD2u,NULL,2018-12-12 11:56:47,2018-12-12 11:56:47,,23@app.com,2018-12-12 11:56:47,U6qmGZLgcPd5SjhEfwNLkI6bP4QeOnEv6ZVsDFR3GDn3w51chpQBXHYsBcYd,
188,24,24@app.com,$2y$10$gPoegzY9QRDB4CYvln0u0u5wr2UhtCZieK4El6YopAQBVUywjZ0yW,NULL,2018-12-12 11:56:48,2018-12-12 11:56:48,,24@app.com,2018-12-12 11:56:48,stXN5o9nJ6AzD0XDuBuH3wTLqAvMd3lCz3ucUdxUDBblfEtEEuwJkPD22Yds,
189,25,25@app.com,$2y$10$Tv9zthWP6m86XjoSyZU/tuTuSbUvXB53k2isVEj36NKnfoDAlIJua,NULL,2018-12-12 11:56:48,2018-12-12 11:56:48,,25@app.com,2018-12-12 11:56:48,4vIkOBuEiHux2IKISs6bujiIzoo4D6ok0gVj7AaPSDzq1u3TXfLgho27N9TN,
190,26,26@app.com,$2y$10$SfrgjTd.hW/XK8NsQdmA6.BVtpafWCwiXAu2ulvThHNeH7I0GKiSu,NULL,2018-12-12 11:56:49,2018-12-12 11:56:49,,26@app.com,2018-12-12 11:56:49,eRwNLmjoUAjDW1CH62NkZ8ITeLk7qHMFYrL01Z1bBaA3c42L4o6Es19lnB3S,
191,27,27@app.com,$2y$10$VsXmLiytaBruKmaYINu9FOLqWspaZO8udQ/OWqKwlKTgJDg6Bb/Cu,NULL,2018-12-12 11:56:49,2018-12-12 11:56:49,,27@app.com,2018-12-12 11:56:49,sm8jlF0xWhFVqQ8JEK3irAqR51g7BbmuwS62jWVF8qcHNMgWvP5scPQu3JzL,
192,28,28@app.com,$2y$10$SSAOSf7T8mOMcWDRDOZlNeR25exvdeAGWLvnIEHNYF8BBcpe3YmTu,NULL,2018-12-12 11:56:50,2018-12-12 11:56:50,,28@app.com,2018-12-12 11:56:50,xQ5SboahOPYxSJnMQsQJZyPGbDSWNxtY4wSNMbW6RfDmDtARQ7HEogGhjVMA,
193,29,29@app.com,$2y$10$tPg96pXsTom0/bmv3T52T.a88skVcTzOccxF..eniKeytfLceJXaW,NULL,2018-12-12 11:56:50,2018-12-12 11:56:50,,29@app.com,2018-12-12 11:56:50,6w5dHR7rW3waFBgE2ArSZ8sGhbimxkh4oHoqOZK2yOrTEx2Qwg7TRo2Fzawy,
194,30,30@app.com,$2y$10$t3WlKmmLnarE8k7xQ0YoJ.9uPt2ty1iNVOWC2ixIcXutjsETW.3Zq,NULL,2018-12-12 11:56:50,2018-12-12 11:56:50,,30@app.com,2018-12-12 11:56:50,H85kapFcQmgfrlBZkB68vhSgm0XwisZu9ErIAVJz1FAW5R5b4zhP650SHyvj,
195,31,31@app.com,$2y$10$y/M.Jz4WmvNgCuNGxysQZOektHATrmkmM/mWDr2HfKzPqd.6acu1e,NULL,2018-12-12 11:56:51,2018-12-12 11:56:51,,31@app.com,2018-12-12 11:56:51,GHc4gYWuCGMr2Lpki8MWXAo5DoZHAmbsZX2mkD8kKDf18kP33MVpGsbuBCtD,
196,32,32@app.com,$2y$10$2rfvxHlUNSlbOJDRNMnJw.06.J1/YHno.qmnt9nYOcFolNDORD4Yu,NULL,2018-12-12 11:56:51,2018-12-12 11:56:51,,32@app.com,2018-12-12 11:56:51,UzShfpxYQ1k1x2aRAvi6lgF7UVqtHFC3t6aip11HHpvckEzxEXGhytrO9zIr,
197,33,33@app.com,$2y$10$soAyGoIt3y6q3aqHMjMZwu5t1dQaJNZQpIn3FwJDNIVzHxHryVPTa,NULL,2018-12-12 11:56:51,2018-12-12 11:56:51,,33@app.com,2018-12-12 11:56:51,SRp6QsDSVqs4yXB8mlfeBtF6Qym6HPMhaDezXQXYkEhdhwG5BAqt5527DoMN,
198,34,34@app.com,$2y$10$w8fSwPlOImfO2R1vkQ/qaeSQ2yBqWmJPlIz60904PhvSsLfl76te6,NULL,2018-12-12 11:56:52,2018-12-12 11:56:52,,34@app.com,2018-12-12 11:56:52,ZgbQNMJFbaLXIqRCSgldeuxLvxVcURhF6HGWSXAu4K5CzRruN4xCqA26aAAv,
199,35,35@app.com,$2y$10$tQ2HnNS6tOj.IyloERjkm.229VbZo1r/P0/gwejTPey4ThXlVqa2u,NULL,2018-12-12 11:56:54,2018-12-12 11:56:54,,35@app.com,2018-12-12 11:56:54,JAKMDHGiAihtSkuKYxGNeX9m5sUTpV9Aiu0LtuKgzqag1cTMhXrdQVcmmgyZ,
200,36,36@app.com,$2y$10$aEzHesbBgH0IRCGs3db4EeWag3w/6zGSgnqfeTWvM5WBZFr7mZmd2,NULL,2018-12-12 11:56:54,2018-12-12 11:56:54,,36@app.com,2018-12-12 11:56:54,YybmI51ZcjZ6tdCeeoiIc0WJxpUYu1Pnr4Txg91BJ5ZM9XRD9NzEE5mUk0gk,
201,37,37@app.com,$2y$10$CeAGWwZV.iLIkXDx67hIUeZZtIGqi.ldIFeZEhGpiJJYZvuRghYXq,NULL,2018-12-12 11:56:54,2018-12-12 11:56:54,,37@app.com,2018-12-12 11:56:54,azaB68DYL0HVeAponekFvaD1FwRMV6YdoXcui6q37f75Dv8bDTyTLCQSQ4Bw,
202,38,38@app.com,$2y$10$V8u3pXB2QR0bgIhzRyMpfu5GDFyyyb8d8Ima6j8Mo.rhH4pYbtSC6,NULL,2018-12-12 11:56:55,2018-12-12 11:56:55,,38@app.com,2018-12-12 11:56:55,v5PZrSFndQd81i8UDmKGSrwDzSy3s5tMukUTW8KrY8QoCFZ6HPhUNhW73KKh,
203,39,39@app.com,$2y$10$W1hsdBwgYwU5rrIbuCtD8eVnyweQl2aZxksREv1U9cNcTy6UQCWBy,NULL,2018-12-12 11:56:55,2018-12-12 11:56:55,,39@app.com,2018-12-12 11:56:55,QmWEsJj3FR5IYu0QrcnybjoiaNpkp4yHnga10kUF267CW7gTPa9jLo9D1aQ0,
204,40,40@app.com,$2y$10$896t1boV3r15jweiXyvs2ub0fzul0W2DBmtU3JiUKS8ymNOzT5gNO,NULL,2018-12-12 11:56:56,2018-12-12 11:56:56,,40@app.com,2018-12-12 11:56:56,lYJbucZJQd0cBRHpTupFTDnK5cQ0MCwCexmENRAjKEFd3AeLdcChC5zJJpPn,
205,41,41@app.com,$2y$10$SIqhRZxBwKgAoolaxQdccu31T9wqejWAPe7vkKAon4XfQwuwDuq3q,NULL,2018-12-12 11:56:56,2018-12-12 11:56:56,,41@app.com,2018-12-12 11:56:56,iOCtGF72WLoMLkEr4UWrPIsrYsNb343LhXRHEXhqgXTDqH1b3SFoyQ7maJq1,
206,42,42@app.com,$2y$10$88n7/ExyEBLlWrVtN5b3geN2iK1J3Yensl139IOUCwAGkIzwnbxjG,NULL,2018-12-12 11:56:56,2018-12-12 11:56:56,,42@app.com,2018-12-12 11:56:56,G41d17D3lRlpkh2XK5cFhsNUReAxjgSFKXMLiagMt0OvvBXnZkuMdzbI7xn4,
207,43,43@app.com,$2y$10$8Uf/gexwXaDNaIM0wg97mOSuS9skhVTPErQubPP1FTymOV7mBimnS,NULL,2018-12-12 11:56:57,2018-12-12 11:56:57,,43@app.com,2018-12-12 11:56:57,GWms34dSZnhboF1DrQWorHCzmoZORHyLgNXraciVIHZzNACTB3ckCWpsYzGl,
208,44,44@app.com,$2y$10$BVz05aFZRxGLuyX4WrLjLeCL0QUsCPLctrp3QjBCicoTz3MBr0Zja,NULL,2018-12-12 11:56:57,2018-12-12 11:56:57,,44@app.com,2018-12-12 11:56:57,otFa8Atu2G5jMlOB8mdJyJMvHXuk83ickHR3mxbyBCua5F0cMWQRskRuTy59,
209,45,45@app.com,$2y$10$c8PSG.ZT9a3haGP81uDbje2JlOZ6sfIZ4NqhEowRU7VNwFGFGnbSe,NULL,2018-12-12 11:56:58,2018-12-12 11:56:58,,45@app.com,2018-12-12 11:56:58,vTRgCSYEr3jyimZpJzsUm2ZhppmFuBu6gRt5kl8Ht3wB6f92848JSxssNQwC,
210,46,46@app.com,$2y$10$MjTldZOWGNSL/l6nyfRhc.7P1ebVhXO2cnZR8fqqllfOV7fyGAGk6,NULL,2018-12-12 11:56:58,2018-12-12 11:56:58,,46@app.com,2018-12-12 11:56:58,GDBDkj0ibGhRCHNk5zVz9EEylOBN4OIoW67inTc4ookMHug1CF1eznR2h55M,
211,47,47@app.com,$2y$10$F6FNTur4sQy3DnVHorz1VOZJ8.Y.sWYl5Q1KIqa/loqvMyEVwPQ4C,NULL,2018-12-12 11:56:58,2018-12-12 11:56:58,,47@app.com,2018-12-12 11:56:58,kpsinp4gPfQZMW8ZNt7rQEKEV0ZMFqgdHsnycZZMxXJN2yC9ldJ9oUgt7Eud,
212,48,48@app.com,$2y$10$2cSQmJ2RcUHYhRsmNrXfGO9iTJr64GyiMVD7QNgznEN0jUBOnmRGO,NULL,2018-12-12 11:56:59,2018-12-12 11:56:59,,48@app.com,2018-12-12 11:56:59,1wzBNHOvjBEPodoXykGIqA5BbCvBGnUDhrCetgTEpyZPECn6A8SKWFYpgrh3,
213,49,49@app.com,$2y$10$FqR8xjdfauNZV/Yt7CSHD.mrModmx8zpwOw6n8YNPXwi2ULfmPV82,NULL,2018-12-12 11:56:59,2018-12-12 11:56:59,,49@app.com,2018-12-12 11:56:59,kKWms4icjK284T9bXcgd1ZGkXKdIhKfk0uk9a84CH5vuWnuh6wqw5oKJiUpo,
214,50,50@app.com,$2y$10$84m2pbdP2twlJzHHuCTFCOxd.MMSM1RA1Riyo9PZN3av.1Qxlz4Oi,NULL,2018-12-12 11:57:00,2018-12-12 11:57:00,,50@app.com,2018-12-12 11:57:00,nmnZo0G2Y9YVuAazAIqY8axF834WOqVGll5oaJ4Z56Su7HjX172YtKVsYAwF,
215,51,51@app.com,$2y$10$Vs4alBEuqzLBxXhxz7UYiebVOEm3KIbv8jdrqFs22H0t.9Ykq09WS,NULL,2018-12-12 11:57:00,2018-12-12 11:57:00,,51@app.com,2018-12-12 11:57:00,DoD9vHwjryZBYpWA4rhdm6OMimTS3JUUPsVSFH2IPYzdzBBd3SmHFLtD3W4Y,
216,52,52@app.com,$2y$10$rDLMHbvJcnnGcMDZVQzvG.hLj54F4qM5VBhfPqc3ZUjQsg5DSIoPW,NULL,2018-12-12 11:57:00,2018-12-12 11:57:00,,52@app.com,2018-12-12 11:57:00,G5F0nvZJ7MYnGNqdLA1q7itllZ3xsTcAgQfuNOvCKVfODSRnth3Tx8OVnen4,
217,53,53@app.com,$2y$10$xyD3Xtii//T5Jb7HGpjuZ.Sh17CbKnFTA.9Nx5cOv9E.xGJdm8Gza,NULL,2018-12-12 11:57:01,2018-12-12 11:57:01,,53@app.com,2018-12-12 11:57:01,UCU3ctwackhAKOKAJNLhsNX2UPiGcbc8mKv5okixOwq9YG3p9RTk5ICxXUux,
218,54,54@app.com,$2y$10$lpzTB56DcLg1TIRAVlTCcuvEbiC6c5qMVZuDA6MSk63cLo17otWM6,NULL,2018-12-12 11:57:01,2018-12-12 11:57:01,,54@app.com,2018-12-12 11:57:01,l4Tp7jKZoholn4dxJNwKTVMQHjI8QZ5pBCFLN4c7juzcSTiZ1fb97lx6Vb6u,
219,55,55@app.com,$2y$10$jq163Mf22mKSDrz.l5nNW.OcvCOAzGQlAmiBMK7O02j9ahqOW0FDm,NULL,2018-12-12 11:57:02,2018-12-12 11:57:02,,55@app.com,2018-12-12 11:57:02,mL46NqR6zL3LGXP0NEX3kjLfDLpEJuO6BZslrRjhRzBbSKXqMutzSHV2UjJL,
220,56,56@app.com,$2y$10$xFbSiciQgpumYlsdSYM1DOhzzXumBhCfWrmjyrDfHwQkIrSnNUzPy,NULL,2018-12-12 11:57:02,2018-12-12 11:57:02,,56@app.com,2018-12-12 11:57:02,tCd1jkEvltDupk3ZVpWsL98Ual0qCE1ZEC0cnaHAgB1Pf6tcqy2gTX1MALAp,
221,57,57@app.com,$2y$10$l4ZSY0VpUcJNR74gfwt2re0T.ePdXBQNbrmM1cbBNzcftGvz1sHY2,NULL,2018-12-12 11:57:02,2018-12-12 11:57:02,,57@app.com,2018-12-12 11:57:02,kNj4m6XFKqaSdl6tRlRyOwZOryz0HIYSUJ8JC2y8stmQxzzkbUsGaY4uxRPe,
222,58,58@app.com,$2y$10$OJqPNKeQvnxeaUdFYkBRjOHLxTsyN75bKxL/oukmSL1IToVnQMZWq,NULL,2018-12-12 11:57:03,2018-12-12 11:57:03,,58@app.com,2018-12-12 11:57:03,ehLK4l9fEDPVyTWrt12GtlZJjE5CIaOSYWP1d8rmIKPRUsmRAC2AayrHbMLw,
223,59,59@app.com,$2y$10$LqKYvoQweK4NEzYNG/2a4OCA0/GzzeaM/KOeEC7ikCNqhr8Ux83TO,NULL,2018-12-12 11:57:03,2018-12-12 11:57:03,,59@app.com,2018-12-12 11:57:03,RkkufDBHDY1KQcgC3IKVwRGBV88p5jJrwNrghiQE7X1kZypCFF50b8C6d5pd,
224,60,60@app.com,$2y$10$SBkYdlUDO33T8Ju.O0eVyOsWp3vT9CAvR.VoZvzDmaL5z0S7xKGXy,NULL,2018-12-12 11:57:04,2018-12-12 11:57:04,,60@app.com,2018-12-12 11:57:04,EIEpGq32Q1p2nfq8TEd1jal2zKBh9i43qarFlcYQ0Fg8JVgNr8PiB8ysL8E8,
225,61,61@app.com,$2y$10$hvwMaRqy/pHDb3gZF/g/PuIGl3jR9Cxd8MPipCrq64Gz5hCMJN/Zy,NULL,2018-12-12 11:57:04,2018-12-12 11:57:04,,61@app.com,2018-12-12 11:57:04,E4q8uTFGv6XfOqLjbpb0E3abjr3PaD57UolavrvTh60GpfHY2aDmQdobhL7d,
226,62,62@app.com,$2y$10$EDw4GWaZcubNBaRKQW4igO8zt.TyLAUo6K.m0/2IglpimPvqMrShO,NULL,2018-12-12 11:57:05,2018-12-12 11:57:05,,62@app.com,2018-12-12 11:57:05,aRHVzmbOh8LsMiKg0iCyTYEZs0ktNRTtQriFeXmP8oWpc1zidfRKdyyuNgsb,
227,63,63@app.com,$2y$10$A58pGscsOzXOda0ih5EfbOOOaCcUzSkmf2dWM4COrBacHbWDRK9oW,NULL,2018-12-12 11:57:05,2018-12-12 11:57:05,,63@app.com,2018-12-12 11:57:05,PkAQrvoxj145hpTirtzx1b4IzxOi7Uu00OCuUM3SO8mSfxfAGnqrVOOF15G0,
228,64,64@app.com,$2y$10$fz9kuaEF89NWjdkzDR3UTeC/iRXU1yJsgmsBwWOWY9IyIIhNa40Ze,NULL,2018-12-12 11:57:05,2018-12-12 11:57:05,,64@app.com,2018-12-12 11:57:05,oP21w57IXg3fwZUetN0sRFO1LUhypT1Ks9uD7brzH5VB9MlV6sgVs3Em4vnt,
229,65,65@app.com,$2y$10$7LxWG6v4S26B0jU6XxY/9u1GyQmpaU4B1ZnOfIKGMJDrXC7T3u.AS,NULL,2018-12-12 11:57:06,2018-12-12 11:57:06,,65@app.com,2018-12-12 11:57:06,uhmbdCCZqiCqIBYIIJ14rHdU5n58V8WBfamkDdJAq6ohs1mCSEr1sFWA2c5B,
230,66,66@app.com,$2y$10$x2hZAcwlXrBU13Qh2c5QN.QsCQG3cMsA.SeG6K7p/kSkzTN..BhdW,NULL,2018-12-12 11:57:06,2018-12-12 11:57:06,,66@app.com,2018-12-12 11:57:06,XdYSOCmG238gxzjN8qdJBGrcFTLkBb3cU8aslxFARnZuAgSj9J54SOUCA8oM,
231,67,67@app.com,$2y$10$NJNd73fi4dEaOjWqJFXgPO9G.7nkziCzc4TaF499ZvOx8rBHyRFwe,NULL,2018-12-12 11:57:06,2018-12-12 11:57:06,,67@app.com,2018-12-12 11:57:06,14oF0xLALW6QpAiAKRM4OlwhipgP8PmbHHlERYkkz4U6lrindrY6uSwS88Qq,
232,68,68@app.com,$2y$10$OuX55xUEKlTbKFNY7Y0Qp.10cDGaYKiJoSCwN/OuUZWHlxqmUnLS2,NULL,2018-12-12 11:57:07,2018-12-12 11:57:07,,68@app.com,2018-12-12 11:57:07,dRpfq8FmmJHTuBtXDDsTVr0GBK1W0t50WGRqlxgGXnPC40TxcGYlwo6Tjcgk,
233,69,69@app.com,$2y$10$1irw6SlR3u2xvtyST344Ueaq9heAFC1.aA4MAWfGlQ9JzbGEC2ODG,NULL,2018-12-12 11:57:07,2018-12-12 11:57:07,,69@app.com,2018-12-12 11:57:07,5rMk02QsNxh10JTsuzqKOR9R5VeKSpl7gmDN74sHf3aJ2PKorOvYhycwtoZj,
234,70,70@app.com,$2y$10$x32hYlHZjokCIHTlzrIXaOP4XIH2kVS5P2aWPoqnwAp9YpkCopEW2,NULL,2018-12-12 11:57:08,2018-12-12 11:57:08,,70@app.com,2018-12-12 11:57:08,WILQOISICk1ZKhhLGX2FNk1NvDSKwQDMltMpPNbEdYRVHfdCZNA2r5sRBpEZ,
235,71,71@app.com,$2y$10$Z0/ZqISPqzKCW02zO9PhKe/WbSrBm4clHRUk.WC.MJ8tEzMmuBt5.,NULL,2018-12-12 11:57:08,2018-12-12 11:57:08,,71@app.com,2018-12-12 11:57:08,rtChDLC6Y3kydg2ON7gkVzZ6ZNSCFAar7tytvbLTxt9Ilum1E666Q41olOJg,
236,72,72@app.com,$2y$10$Vft1rKdRXc18ksE1ye5m/O0hMw8.vAhtfki5njhsXfSmrU/53sANu,NULL,2018-12-12 11:57:09,2018-12-12 11:57:09,,72@app.com,2018-12-12 11:57:09,DDvfPAbtoYiOgogvDuH2BiIwgVs9pjW0eadqyCr5yTp33rx5IfdqG3bGjEVF,
237,73,73@app.com,$2y$10$ckDTcrWsblozvDhugWrK1O.aVSKG9HitkoOt0TDO53jKp53fCia/q,NULL,2018-12-12 11:57:09,2018-12-12 11:57:09,,73@app.com,2018-12-12 11:57:09,oaUdK0qkdA68n5bBvnQE3JkJOOrJ73KUbqzMgslEAnzr6wvqpJo16rLOPpdZ,
238,74,74@app.com,$2y$10$uFE9XQiTcgrFg1VfhFB6c.8fcOrwLZvzNhy7AhHvRvvu4ZsFl6qmC,NULL,2018-12-12 11:57:10,2018-12-12 11:57:10,,74@app.com,2018-12-12 11:57:10,SnbUfs0WxwtYQfuiW6GWIGzvwcqfy9DwmqGZB9nk3BSDZn5wogErLITDmiKB,
239,75,75@app.com,$2y$10$8KW58moZQJg0ETRcJNZKm.ppn1l8srBZlb0ovu1Q8XXRP5qTHgGUq,NULL,2018-12-12 11:57:10,2018-12-12 11:57:10,,75@app.com,2018-12-12 11:57:10,n91V9Psj4Osy0bE3W25Eg5hMDP3aEtJ895zckX61wuleyPajOzAXdtXrtH9O,
240,76,76@app.com,$2y$10$pJAj1/MSRmxVgRogfSgWYu1wvMiChoZvgTHS1cm/8PcRYYFVJlgBC,NULL,2018-12-12 11:57:11,2018-12-12 11:57:11,,76@app.com,2018-12-12 11:57:11,LPbekHyR82HY05kr2DrsJkuVRzqFnC1jDraIySGlffd1S4qrVN8Z6qPmWWhf,
241,77,77@app.com,$2y$10$JXZf.1j5Dw5Cl1v6PSqyBu31/7h0O7MayQUg82s22aX6nEQqKa6TC,NULL,2018-12-12 11:57:11,2018-12-12 11:57:11,,77@app.com,2018-12-12 11:57:11,iaavxBpp4telqZkRF6LItb33nNBGjM5uqWpAzWnk9TlLl6zmDaRzToXwuFIr,
242,78,78@app.com,$2y$10$ZOnZ9/NO8AHXwpSc50y1ze9YAm2cVzNr5Vfyx.fhTDeJCRl1qmo..,NULL,2018-12-12 11:57:11,2018-12-12 11:57:11,,78@app.com,2018-12-12 11:57:11,RXkPuNKQi5Dibj7Ob5kW1kdDX7hiIWiJo5axpJnz67aL5KD33QHXOsGfmlKE,
243,79,79@app.com,$2y$10$KUPX5hYiyAy7V6GXMWAJ1eldfvkxHOM3.5frh.oNiNynlKK8CW4Oy,NULL,2018-12-12 11:57:12,2018-12-12 11:57:12,,79@app.com,2018-12-12 11:57:12,PhgFhtZsYdEBdDImgbSRcK12CqAolR1bvLjSXZe0DYvcDu1WTHevdmt4HTGk,
244,80,80@app.com,$2y$10$tlNWaHDpSECMfnxD5wiZ8.afvTZwd0EZ5SVtF3xbOaYMVUMvykQxO,NULL,2018-12-12 11:57:12,2018-12-12 11:57:12,,80@app.com,2018-12-12 11:57:12,iMlmUfZSDpxFWQuVOBS1i9d1kRynXyS2hnFUMFPOjhrbYpNB3lZBKX3ybyYu,
245,81,81@app.com,$2y$10$I.RDcc2RR2a.XrMNaqfQ3uST4htoD6t2DUQr/MpymAJlu0T5qDVbW,NULL,2018-12-12 11:57:13,2018-12-12 11:57:13,,81@app.com,2018-12-12 11:57:13,IhHxGtJ8uX3uGQTfqddpzkbqFMhTBDCeM97If6FuYvklyYklWqEqQKkSJdwk,
246,82,82@app.com,$2y$10$sN.gdUvPbLsNtqjW63PkauI7PWummfxIBgGrp4BrTI9hBtIYqfEaO,NULL,2018-12-12 11:57:13,2018-12-12 11:57:13,,82@app.com,2018-12-12 11:57:13,WjxQ6BytcZRMI42s8UuyEgK6GSTFqdfKlrprVWwB3T5RrmnZhZIxzC6eWJ48,
247,83,83@app.com,$2y$10$MxDEyIBQR06aULoLnRYKIuFdOzXS7mpofdHIegdsdLcE1SkwyT2QK,NULL,2018-12-12 11:57:14,2018-12-12 11:57:14,,83@app.com,2018-12-12 11:57:14,jdAcNr12I1XNpYqgnF28y8YIUG4yLsLUbfaRYAmZs8o76uBFwM8B2LIm5hgY,
248,84,84@app.com,$2y$10$/NXK8O55Tai46EQ1j14Tm.5qIFJ962Gabg8xPRViz0jf3.0bWix6q,NULL,2018-12-12 11:57:14,2018-12-12 11:57:14,,84@app.com,2018-12-12 11:57:14,opqwe9tSsm5BLHwLSCdzjLbRc7O88dgKPrzzxiBp8lRIa4BbxYVm5YHQ5cWs,
249,85,85@app.com,$2y$10$e5zjkaEYKlHfQwpEf55WQu9VP0fxbqLKRUNi0960WvQaumAyKxYK.,NULL,2018-12-12 11:57:15,2018-12-12 11:57:15,,85@app.com,2018-12-12 11:57:15,l9ycAOxcDBXKwi5j6FQ7kbizy1wUz33KWKf3Kfuy66RcSJ8uc2Ts9xm3noJ1,
250,86,86@app.com,$2y$10$q.IoxQF0mZMx/H25s8hn7uOrHc6fA1/fhJd7dWAYfIHdODfV0TaAG,NULL,2018-12-12 11:57:15,2018-12-12 11:57:15,,86@app.com,2018-12-12 11:57:15,ikxjSSmtYpVDTfBZYeKmXylBjbBnMPESaHgrDhgYa7L9zWkviawrxokKw6jZ,
251,87,87@app.com,$2y$10$33uvdSloR1TzMqdJe6U9hez4jVzlTqydqUdkpFfBC4jRP8Pq95e7a,NULL,2018-12-12 11:57:16,2018-12-12 11:57:16,,87@app.com,2018-12-12 11:57:16,15vSDHMFETzq6aLYTCe2GXKnQ0Ru3Rv4a3HV3ahK6ePmiKqtFiReyWYpcgSw,
252,88,88@app.com,$2y$10$SNrF5C7RX1B/sGVVuw0sxufExcKXdxqv.K8QffGx4UDqVLtlGGjO2,NULL,2018-12-12 11:57:16,2018-12-12 11:57:16,,88@app.com,2018-12-12 11:57:16,L4lWOyQkxF8RDFPP5JVJTSZBRGF7xLrciA4LpG6gx28nEpv2DsZdUMN1rTbu,
253,89,89@app.com,$2y$10$bQu18r80KuTEezOE6BxcvetW7blkhDEErKRKu5VOVIwtJcu4STb/e,NULL,2018-12-12 11:57:16,2018-12-12 11:57:16,,89@app.com,2018-12-12 11:57:16,m7M0wrDOOKw7z2l1vlHZ8HwqYRVPHimzoKuyANfXXRJ4SzaAHwWRiUeuDa8v,
254,90,90@app.com,$2y$10$9ZUEdeJ09kE4islHjGzBR.KP0oZcs2UVtc6snwFLSB6FkYTo83zuO,NULL,2018-12-12 11:57:17,2018-12-12 11:57:17,,90@app.com,2018-12-12 11:57:17,xisMQIJQvTwK2lzLLMxSBDwJkSKAiLSQPLn7ryy6NZr4H6W6ZHhlKrdJNKDz,
255,91,91@app.com,$2y$10$W7R82IIC6juvf2AAdiEYcOiRSgz8SYbAsirZMhwh31MRWE9t80ziO,NULL,2018-12-12 11:57:17,2018-12-12 11:57:17,,91@app.com,2018-12-12 11:57:17,zhEpIOeawNQPIOlmufQNqw0CJ0C5p7WMJBZW55Q8sA840DBxo8lLDp3e9fFz,
256,92,92@app.com,$2y$10$4UjgyA/L.O7JaQqmxOLJpOnAbtZ8C6nawu9IVUhfVoXPvuH.vs5Dq,NULL,2018-12-12 11:57:18,2018-12-12 11:57:18,,92@app.com,2018-12-12 11:57:18,BDiEAiIzt18H6J35KFmRDasoARTz7V4enFvYRqcDRY0vai5gUCWLSVWSnTsx,
257,93,93@app.com,$2y$10$G8wqKjaGqZwjUAjCu1EmTOEvHaz2qCxxUauD5GRVkTsxUgA4p.t9S,NULL,2018-12-12 11:57:18,2018-12-12 11:57:18,,93@app.com,2018-12-12 11:57:18,FeUog0gZTmZ6jEAiSttlze8BCWN8td37hBO8jK9D08HMuHSXVaoHquA7Zr4s,
258,94,94@app.com,$2y$10$HYgZIo0w2IefFiuvNMz4xuAaET2nouajBez9E6w6ru1dI.177.ry.,NULL,2018-12-12 11:57:19,2018-12-12 11:57:19,,94@app.com,2018-12-12 11:57:19,wqln1ICo6qNNlM9GXOGzwmqGYeJ4Sk4sQLKg4uuVHFZfBqnXUnCsovMVOtMm,
259,95,95@app.com,$2y$10$tBQYifeK93OIeJyWf.V.duIqd9bk.WALIIu1GbAoA/Bv34OquwOea,NULL,2018-12-12 11:57:19,2018-12-12 11:57:19,,95@app.com,2018-12-12 11:57:19,2aqmovsYM5qDMzzaW1T2IZfZeiwyePgB0IRx1e3GGRCeqKyvj3deniJnXtJD,
260,96,96@app.com,$2y$10$s1Rps23yauDJ9E9eigbki.NEl1hxmPT8qCbRE/3CXjYVxWSoQ8Z1C,NULL,2018-12-12 11:57:20,2018-12-12 11:57:20,,96@app.com,2018-12-12 11:57:20,UAha3NyRTaR8rgsOPqvKfDjoPu7NnRA5VNDCnlxau59ACCskS2vckmXUP3cC,
261,97,97@app.com,$2y$10$8l5Hz07ivLll4fXq/9zFOugU/wi8GZ7KHqMJuwNXZJZxRuSzCahCa,NULL,2018-12-12 11:57:20,2018-12-12 11:57:20,,97@app.com,2018-12-12 11:57:20,Nu0UZyJHxprUb3pGxgdYe8E9m2s5zcWC3UwEW8M2DZFO3JmOmDqT90Sc47SH,
262,98,98@app.com,$2y$10$FkKty/pALgoFk8UZF2Y/xO74KoBeXccF5vnb5ScSk9g.C0PefZ/AO,NULL,2018-12-12 11:57:20,2018-12-12 11:57:20,,98@app.com,2018-12-12 11:57:20,vLKEUqzpKFK8EuSTJmCvq0npsI34hvZFcdvAZWS53rXJ4F5Tz0ES5WCXi3pQ,
263,99,99@app.com,$2y$10$01LhZCOGr9Snp4Zs/fVW4emcqYYJQHeM937QOTusMgBpMMCoV4JRe,NULL,2018-12-12 11:57:21,2018-12-12 11:57:21,,99@app.com,2018-12-12 11:57:21,GTEU0y47xRuXLMjMirThGfN0KtZTKK5u6pM0AEKXY6wKHoRtWMaW9RHrKeQ9,
264,100,100@app.com,$2y$10$CCP8o4GkHQou5eTUpApe9eBH2wMY2atwwEMOzQHM.LuQC8jTU.Xh2,NULL,2018-12-12 11:57:21,2018-12-12 11:57:21,,100@app.com,2018-12-12 11:57:21,s9upS9FgchxlWJAwaqz2QKY6yZzchvmxY4ORhQXIa54QBvQ8P9bPhHxARcRd,
265,101,101@app.com,$2y$10$BVSmb6iuMiPXpdaEeBcdfeehS1ijuRGpMzTIkSwTpihjXBfuUxUgW,NULL,2018-12-12 11:57:22,2018-12-12 11:57:22,,101@app.com,2018-12-12 11:57:22,mxOxlv0y2GUizaQpH7XOxRZVCXaBen6bgWnvte3xyOCyrbf8sG9gTir8EYv5,
266,102,102@app.com,$2y$10$0xs8Hhg7rxWBeLLIaWpZQOWbN9bbWfUofyq43iEPEg0qyx6h5P7a.,NULL,2018-12-12 11:57:22,2018-12-12 11:57:22,,102@app.com,2018-12-12 11:57:22,iokrCOxn1lz8fSd7laylkpXCeaIggsdhGQ0oJ50hcsTaJwcCzTDvBj8dcgr3,
267,103,103@app.com,$2y$10$9EkJ1OfBJ9mINeVPbCSxe.HiAEFhOc38n.TWoGri0P4C3Oo72npiO,NULL,2018-12-12 11:57:23,2018-12-12 11:57:23,,103@app.com,2018-12-12 11:57:23,SHgQc2TxReXEI6nIUHNni5BLNshYHpjHbQuyQsCIGh8auWv7gcomp2kizt8g,
268,104,104@app.com,$2y$10$ZB747ImC4a1V1zcT6h3ND.WKO5FNS.nOSBXppPuHipJ5kwd83fHAe,NULL,2018-12-12 11:57:23,2018-12-12 11:57:23,,104@app.com,2018-12-12 11:57:23,HVzG4W4bxPoOBeMmxyKhBk9Ow6oG7e7kUB0Qs9rJmxSdf9HNWqUTN3LVvwJt,
269,105,105@app.com,$2y$10$vEapR1uanYWc0TmV9H/qkeRJGvhgBSeiwPP2iXE/g/2qGA41BKchm,NULL,2018-12-12 11:57:24,2018-12-12 11:57:24,,105@app.com,2018-12-12 11:57:24,95QwmwUBQLXf0ZhRwWVvtG3umBfT8HpwtW6pFIkPufqYn9izALLTEVQal6Wo,
270,106,106@app.com,$2y$10$o9oho13yIEXztSSKaq8pu.2vx2f9hPEosHIPewGGWIVRoPjlhj.uK,NULL,2018-12-12 11:57:24,2018-12-12 11:57:24,,106@app.com,2018-12-12 11:57:24,VP6UL3toXGrE0okSEe1BGHomvujDEs0bOgWmXU9H1GRTaWtnDUhCOyqDtSI4,
271,107,107@app.com,$2y$10$qdvQ.nCttIHjWGXKMRbQv.Axmtnx8WNphxyH5wGHlChlfeJv3fkg.,NULL,2018-12-12 11:57:25,2018-12-12 11:57:25,,107@app.com,2018-12-12 11:57:25,WjMxTj3hZH0A0NpgI8qjy4uQlGqPC15KobLIJXPGq5SVgvMC8AEaplTW072N,
272,108,108@app.com,$2y$10$xlbeb/gZ2ACJjNIhtb8Pw.DSTDpyBPDZ.1idecWx2qpvjR.CfRr7e,NULL,2018-12-12 11:57:25,2018-12-12 11:57:25,,108@app.com,2018-12-12 11:57:25,0H4OwRcoR2MpOl3pJgVAPHtQtDYLZwJfRoBzJ3sQHmVFDTlHLbD1f2EYd417,
273,109,109@app.com,$2y$10$xYDl/9dQ6OTeIfZzcgEw8ell3RGHNY.UDZt6BEuzKpeeDeFHq8w7q,NULL,2018-12-12 11:57:26,2018-12-12 11:57:26,,109@app.com,2018-12-12 11:57:26,DiQDui4FV5Mccmh9UIh0oL6SRnJGQpcGqpsmizW650muMU0hmBW8nqzP7NkD,
274,110,110@app.com,$2y$10$tiuYGYDHAKXwpx9FlnzPdOI9ExJngelSRD90gaObu6V0HdBe1CUBW,NULL,2018-12-12 11:57:26,2018-12-12 11:57:26,,110@app.com,2018-12-12 11:57:26,iuhxUrLe2f3FeuSxxpWL5FBBkQMAp2MtHSWHmEkOpf7xx7hyIcUDAO3kFhnu,
275,111,111@app.com,$2y$10$3GpVB0c7YH4JaJm1FwiKBOba2HHLZ5SNm/lWlawRAWEO83hmk.M2m,NULL,2018-12-12 11:57:27,2018-12-12 11:57:27,,111@app.com,2018-12-12 11:57:27,rCthtJB2BkQhFP08Wv6MYzjtuU7vOKMThY8116FSg4jlmiODsAoUVTB4708i,
276,112,112@app.com,$2y$10$qzQ4mGc1PKuS53oeoO4r3.f07TK5/QaiJgmrjsaqZkPx.EHVn716q,NULL,2018-12-12 11:57:27,2018-12-12 11:57:27,,112@app.com,2018-12-12 11:57:27,CUYqFRM7lpOPvhncVjOAqJyGxeGeQgM0XnyKAo8zvOaqrbF18vkV16bAbq5A,
277,113,113@app.com,$2y$10$QDM2qfTjbgSqU0giuxIWLeDL3g1d0mvNS727kpkaKM874y4Jx20JO,NULL,2018-12-12 11:57:27,2018-12-12 11:57:27,,113@app.com,2018-12-12 11:57:27,3bD6y9XZaKbfuraQQ4CKjAOQkEPlhbdQaSWstXRA52t4pVfrV0OV5nil6jPM,
278,114,114@app.com,$2y$10$6OwuQt8n4KPcq4V7gd2zretva31EGw7mCgosz0tVt7ncaF8UeykMW,NULL,2018-12-12 11:57:28,2018-12-12 11:57:28,,114@app.com,2018-12-12 11:57:28,uWKBi0Vuvf2Hz2kH4jO7gUUPh9MLLLgVOAb6mtzVssPTjcs6NVfNZeayLi0j,
279,115,115@app.com,$2y$10$4FUZrPlJxznsjGGVUZjyn.y34L2ovhZDthAIKgaHaRVGFH54dAdey,NULL,2018-12-12 11:57:28,2018-12-12 11:57:28,,115@app.com,2018-12-12 11:57:28,5HO47ZKKUQxN9T3PJE7zBBYD01LVbU8avmDZBFP3BDkJ7depCzOicnDplJKv,
280,116,116@app.com,$2y$10$jwjS2mh6l1PRLHidHbe24eYx5kwKAHSYYCMjTjOThYGj2ApVOdG7m,NULL,2018-12-12 11:57:29,2018-12-12 11:57:29,,116@app.com,2018-12-12 11:57:29,8Rc4X1VbsHIYn2nfrwz90JQeuUICHHEafwntcz9zm1VSKg8w6nHDUFikvRAZ,
281,117,117@app.com,$2y$10$7F.MAcgz5aw17LsjnGC7z.nf4oydfaxcEju6DfWUkWXQYdvtIuuUq,NULL,2018-12-12 11:57:29,2018-12-12 11:57:29,,117@app.com,2018-12-12 11:57:29,7uHGRV68dQsASwd1IflDS0vD9SkPLR4xvciUyZyySqUSQqDOZPr0KDzd66l1,
282,118,118@app.com,$2y$10$DwaQoVg.KrXaDxc7Zp123uWvEspdfctfZdZEq/doLMx.1dCigzdZK,NULL,2018-12-12 11:57:30,2018-12-12 11:57:30,,118@app.com,2018-12-12 11:57:30,bUUxhRB6WoZYXtG0mJwZABcARN4OyVeJSA0G9GOuw3bKmCJ9B0IdgnqH46xI,
283,119,119@app.com,$2y$10$yjbOcGrQQCNEStCiMd8lw.CI2cFH7yNyQj7oPBs9zNu83xVLcD9ha,NULL,2018-12-12 11:57:30,2018-12-12 11:57:30,,119@app.com,2018-12-12 11:57:30,Qvq9qkTf4TS6QigmtJdF6UQXuG3pr23Tdoir2S647jOtKsszDFXgyOiuzl2n,
284,120,120@app.com,$2y$10$GUBdwVbZHLTVHPTtH91kQueKkMNGYM/lppXsMnF8/0sO44mtzXePq,NULL,2018-12-12 11:57:30,2018-12-12 11:57:30,,120@app.com,2018-12-12 11:57:30,YpRIMubz10vz3qpLv9tvcX2DODpqREVymHsfmoI3gyo3uHrs8GdQWXSfy22l,
285,121,121@app.com,$2y$10$jLDzovfu0El/UNNrM04Bhe054uMHwb56Er.31PnSGqyzaq/RrtLvu,NULL,2018-12-12 11:57:31,2018-12-12 11:57:31,,121@app.com,2018-12-12 11:57:31,hj3eVOA6BaWvVo3Twch2aMQth4xolYKsJ8JTp1FbdZtSD7qmUR0t9gYxUacJ,
286,122,122@app.com,$2y$10$QsFeHokw5894dsyzRS1Do.xnqVW7wiED87EoNXohNWHyln11Pqr3e,NULL,2018-12-12 11:57:31,2018-12-12 11:57:31,,122@app.com,2018-12-12 11:57:31,C2wNEXA8d1E9HGpZLtbOqULH5UhhUqwH2m5fwMCR7rUwXkCITEkm6uDqDdjH,
287,123,123@app.com,$2y$10$xW3GajYGvem0LV7J5OzatedRrpne8QdyoPmHbTxra98j10eLI7dZK,NULL,2018-12-12 11:57:32,2018-12-12 11:57:32,,123@app.com,2018-12-12 11:57:32,3soGMIlqUId4XnqG7Ycqo95seYJJzvikpgLg0cV054sK5nMxgga2OQitDp8g,
288,124,124@app.com,$2y$10$elpqj2DTIh6NGmpQlLgw4eMzp/xHMBega.sP57mHfL4YOEIqb.rgu,NULL,2018-12-12 11:57:32,2018-12-12 11:57:32,,124@app.com,2018-12-12 11:57:32,kcPMMMjgK2vrZX5gNOCbJOJUZUP0uudkWDL9BAgJxM4iQ21ce6cQeDw72ZQC,
289,125,125@app.com,$2y$10$oy0iEgKhwKV3a4hJhsxF6O6z6B84THOVvZuwAnasUL64znFxK7Avu,NULL,2018-12-12 11:57:33,2018-12-12 11:57:33,,125@app.com,2018-12-12 11:57:33,8tffJZQgOozALB8sgNNEpyjdWBFwuQ7GjOPtc0615V9Aab21qprVOI1J4NnQ,
290,126,126@app.com,$2y$10$dJKkMV/CZqVvGF8oL.Mk5usWcqbg6vJ0DcGiHB2WZZymwPxY/en8q,NULL,2018-12-12 11:57:33,2018-12-12 11:57:33,,126@app.com,2018-12-12 11:57:33,355EcmfqzyNXnqfGoBiTVzh8MRS0u6B96Io6MjBUrFHZQY4r2EsRBACca5Zx,
291,127,127@app.com,$2y$10$5pdVbhxsLbBdNdfsW5R.d.4.nGqF4Adf.aC8h3wUS29v041pbc6mi,NULL,2018-12-12 11:57:33,2018-12-12 11:57:33,,127@app.com,2018-12-12 11:57:33,jM5DsHI209mKaw2cEBrJRJEvSAWfy0BdVP7svEd35Hlru4xRgWlN34fUqonl,
292,128,128@app.com,$2y$10$2DaZ6r1lQF8L0d.wI6FwFOfiEZO7pdZmAGlOgJ1NAxkcnhqWq7MRe,NULL,2018-12-12 11:57:34,2018-12-12 11:57:34,,128@app.com,2018-12-12 11:57:34,E7mV3z3yrtza029baCza8UYb7Z5mk84zk9qvjnwa7uJkv7b7NnK8JjwMtRGe,
293,129,129@app.com,$2y$10$I.ajfh9pAzSkSwvGnOeh7OwLL.kz9fRkvQYp3vB4GR03o3R5JvZFG,NULL,2018-12-12 11:57:34,2018-12-12 11:57:34,,129@app.com,2018-12-12 11:57:34,CKQLWm5wuOsOuTaesU4mwbHuKAelVFeB6WnQySrE6c3euLLiVEKYrHial0Zi,
294,130,130@app.com,$2y$10$2u4KaKAL167arLnxSO4WR.n28SNK9/I6CMqC6nIJg6z66XiDr07uC,NULL,2018-12-12 11:57:35,2018-12-12 11:57:35,,130@app.com,2018-12-12 11:57:35,96yfWCq9qez3J5jbRxRZR5umDhQiV1Q6dXkO0ODkRDzP5hjOUhuuweixLkNX,
295,131,131@app.com,$2y$10$qoUk.G4W/dlMD5X3tpJqSuNYRAnY2A9u8c0i5OzTDCXjv64JKFNr.,NULL,2018-12-12 11:57:35,2018-12-12 11:57:35,,131@app.com,2018-12-12 11:57:35,LdUUE5SCb1LILsnxkPwDyeL4x3TeFay9HIrqHi9pvUsSGTUBuF3JoLxdWBpW,
296,132,132@app.com,$2y$10$86Cx55RNZOlKZCZKyLbrA.yclGFtBrWcrl10gcCKX8NM1a/IWZTlG,NULL,2018-12-12 11:57:36,2018-12-12 11:57:36,,132@app.com,2018-12-12 11:57:36,TWsCZPU5xYckB1Szj87n2UTe3nGegFQIGiwaGCUBh75flxLLGBw7eaj6OHdU,
297,133,133@app.com,$2y$10$8TPdL45jLWj0eMU6ugEYQ.ut/Nei4wPlGZnCtzrfv/I7wZTxzdjeC,NULL,2018-12-12 11:57:36,2018-12-12 11:57:36,,133@app.com,2018-12-12 11:57:36,PAUZ6FO35BRRQZy4jGwYAB42GfimbmuQkYNcpfEaisjCLWNbCHybWrfoHXPq,
298,134,134@app.com,$2y$10$QRAm2sDu7hOqpy3Lh.gid.zmOu5ei280o5/wW7rOfoan2PBSDjwQe,NULL,2018-12-12 11:57:37,2018-12-12 11:57:37,,134@app.com,2018-12-12 11:57:37,WDqXv7LuBknnAxpxxUPBKHkYXWRy8XfdNyw5j5MM0ax2BeCbSkUST4jIONEL,
299,135,135@app.com,$2y$10$YDe0VvZqK5tJGoN48QvmO.Jh1QkT3/MFqFYdKKzg/FTl6/xDM.dZa,NULL,2018-12-12 11:57:37,2018-12-12 11:57:37,,135@app.com,2018-12-12 11:57:37,osl2sx6hMoO5fk3EgfS3KC3Ys0GuPo4gLkhO8IKRNE3QriPchr2ird3DtbO8,
300,136,136@app.com,$2y$10$xOmtxGFilM7dJPuMUrvCau7RdTt0aC0W.Imm09hdptndS9tfUX1L2,NULL,2018-12-12 11:57:37,2018-12-12 11:57:37,,136@app.com,2018-12-12 11:57:37,CLTgbSWi4EZxz7QR5N0B0gmyQveeRYhIDBIGkksZbgjqFfBXV3LHvXomem36,
301,137,137@app.com,$2y$10$Vr9uZAd7N8PObtyGdBYTdu1IFAPoJHCjPOQ4hfLlXJAXbigMX/0Ia,NULL,2018-12-12 11:57:38,2018-12-12 11:57:38,,137@app.com,2018-12-12 11:57:38,V7vQsQ78WvvPZt3gBwIf7IFyffpEvE2RlFKRKTM9f2WgQMhAJoLqemIVZCea,
302,138,138@app.com,$2y$10$jxxPHrsBx48zA7.vE4PsRu3.NUkpmlK2lWbrot/tMiwKbcesaePWy,NULL,2018-12-12 11:57:38,2018-12-12 11:57:38,,138@app.com,2018-12-12 11:57:38,dQv331hezQB4Er7WPODVkPf2Z5DZuOpvHdV1KrLG6703qPQbCl9vlGmeRWpP,
303,139,139@app.com,$2y$10$7YKENFhcHMV8ZQ0iK761FuMItmCZaCBM4SDFDN6FnCFjDeXczmkVG,NULL,2018-12-12 11:57:39,2018-12-12 11:57:39,,139@app.com,2018-12-12 11:57:39,98FV9bFUrt0QOJkvIIvsrxkqbRnBfUhdVuUMXQnQP0ADGaQKunZ8oFesp28c,
304,140,140@app.com,$2y$10$hdVA0ME0OHWbxX/tPKZfpuN2QeMMpmo/Yu3N1VX95Cg9gx6GuPf9m,NULL,2018-12-12 11:57:39,2018-12-12 11:57:39,,140@app.com,2018-12-12 11:57:39,6DLqqQ025LM19qhdbQ3P2PGjIoBUgCCHJsyv1761ZJ0cEGSUdb8dlUkeA0Y4,
305,141,141@app.com,$2y$10$MlFYIQCi3UEI.UMEiUtPs.xTuGUWTvQV5MpaJN.1VLwjjGB5LlaOK,NULL,2018-12-12 11:57:40,2018-12-12 11:57:40,,141@app.com,2018-12-12 11:57:40,xlK2NmLQB2ttE14m1qDvGOd1clJ77LNSGJfz6sZQJ96YBWcGTcRGSBwk0ZvG,
306,142,142@app.com,$2y$10$7qhGfR4OG3kIP.q2zQkPX.C15ZPSgTdIXGMrPtEp6VGYc5YKGNJ5e,NULL,2018-12-12 11:57:40,2018-12-12 11:57:40,,142@app.com,2018-12-12 11:57:40,ygr4jpFbIZPzX1CeiNoMyGEaTm5n7TZTKwRsKVSPhUUfC7cKvEHONC4wiGdj,
307,143,143@app.com,$2y$10$BX2hfulxV30N6tHuClOUM.XtLkO8wKAtbAXMU.6dKTYrd4es5RO6W,NULL,2018-12-12 11:57:41,2018-12-12 11:57:41,,143@app.com,2018-12-12 11:57:41,wB3UuiXhQJWCeZRWiLxg0bhm7BrE3mYE655LzQgR8CqoDboh8UAiTK795P58,
308,144,144@app.com,$2y$10$E7gR.zXK9c7Q4ouflJ7GbuYwEeAfhEQiXfD26U5parkZ.cz5ritHW,NULL,2018-12-12 11:57:41,2018-12-12 11:57:41,,144@app.com,2018-12-12 11:57:41,uWKkzKoi7M0nJMkeUMwnFuHeaN2MTndq2dYJqo5FjjWxgqMDgBIPYAxfoEuu,
309,145,145@app.com,$2y$10$CPMKbPL1Wh2B9McCr/QXgeQo70cpPBXBKCCjiOxFWo2Sq0zlTSO7y,NULL,2018-12-12 11:57:41,2018-12-12 11:57:41,,145@app.com,2018-12-12 11:57:41,jnuKafkM7HTu8A0PuQbS4YmrgIImP5EZIQwfGSBbL1alWomX3bQ0WwY7dINA,
310,146,146@app.com,$2y$10$r/RdUPGHIVtwxS5EWBcJrOjnv3pjzZF/U8AyTJ1roldU.qk87fvkK,NULL,2018-12-12 11:57:42,2018-12-12 11:57:42,,146@app.com,2018-12-12 11:57:42,970qnxza78rdjDst3Ue0WhvDBl3FCPpG46UOhnJwUpY8XlejeW6YgxQIXOwg,
311,147,147@app.com,$2y$10$DqYavijunifAkPIjttWUjuq2jVWBvgAS7MVkvNAeJGKkZC8vVy5XK,NULL,2018-12-12 11:57:42,2018-12-12 11:57:42,,147@app.com,2018-12-12 11:57:42,ARgH1Og74CxG4CdnD9cpJnEMbh4vXLmvQh9W33OFIRsmF1t27J9assZD6wXv,
312,148,148@app.com,$2y$10$QZ33oYG2VjkyHNoWwb6eJ.wG8zITrVVJmjq0eXyqfgV9I4BgOrue2,NULL,2018-12-12 11:57:43,2018-12-12 11:57:43,,148@app.com,2018-12-12 11:57:43,5oWFrDmwf7X32riBii0bkrbkPhPgCDjZT0Bwb7ErfiicXD2lo29mCYXplMja,
313,149,149@app.com,$2y$10$hni/mvD4YZAf//kPGZEjwuWrQEMNgqTeUwJrlOswAb71BhWd8jQ9W,NULL,2018-12-12 11:57:43,2018-12-12 11:57:43,,149@app.com,2018-12-12 11:57:43,XGoSqy0vt90gQg2o0NPsct3ifFb3LlfrPb0rngKORhG87i7PjunLZ86Iarae,
314,150,150@app.com,$2y$10$Y9UGA0QuhPN22Fjuseuv1eSG8MIHVPx9hz/TAoICF3naw7g3SiokO,NULL,2018-12-12 11:57:43,2018-12-12 11:57:43,,150@app.com,2018-12-12 11:57:43,ZaY6n80Yn1X46FthL78Zee6aXXEiA28Hmf97PQT5XNVGs8fXLKMoA42eIG9t,
315,151,151@app.com,$2y$10$TrCvQYSyeuY9wKB2BoKDUu9mKRff8A132K8NVsOXtqWGCsTDexwbm,NULL,2018-12-12 11:57:44,2018-12-12 11:57:44,,151@app.com,2018-12-12 11:57:44,bde81FAk1uuNvzDDPukuolM6ZFHobs4Mn3m270XLe7CSohMfewx5k3xEvwtw,
316,152,152@app.com,$2y$10$DmJuObL1YZeE7Ib2AZfdKuG28YgcI704bltxZmxnVNt6hVy9Kg28S,NULL,2018-12-12 11:57:44,2018-12-12 11:57:44,,152@app.com,2018-12-12 11:57:44,KV2myJzjRegRZKIBs3JahzcLNdU6zzlgv4mnYhRlGlhC5LuN6Tg84IBeHjh4,
317,153,153@app.com,$2y$10$5BDk6Y1viAj.w2FOpMO82eKTNYMZKoPx7oAxgx9PmC8y.IRCeTfJi,NULL,2018-12-12 11:57:45,2018-12-12 11:57:45,,153@app.com,2018-12-12 11:57:45,g2obxvmN0CxASagjreUOo1y2J4AxkGKMTMb1HnrgxgWlicmrFgGaHY7eQocA,
318,154,154@app.com,$2y$10$EqqQ0kjCcNXVBU60/M3IRedQ9rkUx5u9Rp2dHcge9FH1qCXxyINJ.,NULL,2018-12-12 11:57:45,2018-12-12 11:57:45,,154@app.com,2018-12-12 11:57:45,jOqebveLKpUnkhP44pzC45NYdO3r1Ma3ttd9fGqtZgFSwgv09e8eRcdoGv8f,
319,155,155@app.com,$2y$10$ddp88GrDuDn5RZtJMuNzkuCWqZOPzkoEvqd0i9.35IsMjRRlwi9.S,NULL,2018-12-12 11:57:46,2018-12-12 11:57:46,,155@app.com,2018-12-12 11:57:46,85OWOSahOy0vBm4yyatbRVGADYBaJCuqwe3EIXkVbJHNKXiur91sg7dARxPP,
320,156,156@app.com,$2y$10$dOBc1YjUGN0HE0SmSwgK8.f/opVTfD9LVG0DUh3Soy4Dt6aHj6nbe,NULL,2018-12-12 11:57:46,2018-12-12 11:57:46,,156@app.com,2018-12-12 11:57:46,9R7q5SclcwPFVnFklVsql0efMWc0s6VQv69lQPN0SvQq3ch8YuCZXMcw6YHL,
321,157,157@app.com,$2y$10$IZCwM6HC5foKkWZLPa9/IeKOPF1lgCygbuRo8PCLcb/3D1HHd6hVm,NULL,2018-12-12 11:57:47,2018-12-12 11:57:47,,157@app.com,2018-12-12 11:57:47,rb6ZrL4FZGA2LZLCTv5Cs8YfjB8fbpdY9FgZKyYEorLxt6vYQCkVZTpeVAIN,
322,158,158@app.com,$2y$10$Y/lHqiMhmKKcrzsy6az8J.1PALi0J.DJ0nyGqmUg8WpRYW/JN6lIO,NULL,2018-12-12 11:57:47,2018-12-12 11:57:47,,158@app.com,2018-12-12 11:57:47,E4I7IKiyOO40NYCc9NLyqJQ8QeOM2k5WdVq7LBOwGCo4ArCRLiyN0r0Notd8,
323,159,159@app.com,$2y$10$f2r8Hpq/ohZntDX5yzFRhuCuAU94bzdM0zuty9Z9lycT3VMFryt1a,NULL,2018-12-12 11:57:47,2018-12-12 11:57:47,,159@app.com,2018-12-12 11:57:47,R2eJvIRIafO7GvtKtTec82c72wL0OM7cLI7oIoS97foH88R9x0asCLqTCUgu,
324,160,160@app.com,$2y$10$6kx8UOA3mE8WzE2woud2vec5bvKVNDdGUZ8rGP/FdbVQ9tanQ0sQS,NULL,2018-12-12 11:57:48,2018-12-12 11:57:48,,160@app.com,2018-12-12 11:57:48,Nekl5OWUweB4KhHGn2C5iyRaAXojo8BBMSOh8ngFUpq6Tg7hvRGM9Yb6e9KS,
325,161,161@app.com,$2y$10$m40ytN9LYdaKObFOW9BNsONtJOq2UIVlOxK5J0A3JvUkPXezclK52,NULL,2018-12-12 11:57:48,2018-12-12 11:57:48,,161@app.com,2018-12-12 11:57:48,TvGgnX1ohorZ8gThviiDcZyBXKBtrRdocgWLgxERyeV5HicAgrdktsRKzSM7,
326,162,162@app.com,$2y$10$wuAPvqmfsEkHs0XAVMqNCuVu0cshic.f3aW8MkentQIadnv3.k/P2,NULL,2018-12-12 11:57:49,2018-12-12 11:57:49,,162@app.com,2018-12-12 11:57:49,fgFqIbHA5rDIc82BibaL64o9qD0XXfSiI4Ih6E2G7IJjkBY5SC22xmTRfPfx,
327,163,163@app.com,$2y$10$jchLRjfWuC1NCnPw62zZP.qFcHFqkQRhjlsmTmMgihVUXC7/.GwHa,NULL,2018-12-12 11:57:49,2018-12-12 11:57:49,,163@app.com,2018-12-12 11:57:49,UXhZn3JKc7aB3ZzNeK2omqrR59k1oSoq8mRnCUbqbGIgohKFPvn3HVXaQsxF,
328,164,164@app.com,$2y$10$s8ovE9xD9FORWjeCwXwwYOBsv5fyEHffa9qOC99LYRS2YXAvP0d3q,NULL,2018-12-12 11:57:50,2018-12-12 11:57:50,,164@app.com,2018-12-12 11:57:50,NxEyimkVfQhQREdPOvH2iKfMDBJwAQLy7iLGuKGJLrt1ipSgCQvmFpPUPEbg,
329,165,165@app.com,$2y$10$uP/we7Kly5bFa.qd.qyBL.w8sEhJ/1gVPYzYLTAptkXjxuqEwYwNO,NULL,2018-12-12 11:57:50,2018-12-12 11:57:50,,165@app.com,2018-12-12 11:57:50,GTsTLZSIbjvYxtZqziURajgx5lAlQXOYkurbFMdtR9zjTNtLWXlytnFBgtx2,
330,166,166@app.com,$2y$10$1.6.XobgXgsCgAiWOh5GAeQViSXvu//TOFYiguvyVJPGMbaGrWbim,NULL,2018-12-12 11:57:50,2018-12-12 11:57:50,,166@app.com,2018-12-12 11:57:50,g3vMcFMzjG4WNT9Ev0DS6HsUKuU77vKmXkoXPSr9gBs2y6Oj961LCTLZDfWZ,
331,167,167@app.com,$2y$10$3o2XHlstwxSNqgcaOnBsk.r.82wuo30vZ9Ts4i8MS9/r.zbai3Zci,NULL,2018-12-12 11:57:51,2018-12-12 11:57:51,,167@app.com,2018-12-12 11:57:51,nKGnDla1VibIW7kM80ozuKS3NTyN7hNGdcYDKoLXOJaXAJwQOkzAO5A3kQDu,
332,168,168@app.com,$2y$10$V1K.GI5wxsFDtKwakffvfOZjD6jENwCB.2e94m2t6omnV1bgQA4zy,NULL,2018-12-12 11:57:51,2018-12-12 11:57:51,,168@app.com,2018-12-12 11:57:51,70PoQBwZeYFbYb6NUsacD6E6pOP0lmT8HiorAEg4PdvSuXDms83u6neL6NPD,
333,169,169@app.com,$2y$10$ZB0orMKzWkl4gkzkz8NKd.x.OdGXKnMlqepLmrJ16vnYH1502QWg.,NULL,2018-12-12 11:57:52,2018-12-12 11:57:52,,169@app.com,2018-12-12 11:57:52,LLQ4ljXtAOrvPSFU9ls1sCTrXMFuAtPnauLzNF7Vr73WWRO72citrhcBVxuZ,
334,170,170@app.com,$2y$10$Oz41inK/LB2gVsuPhR.QMuQz2revpeI5smM.qkGylgrCmcJ223nR.,NULL,2018-12-12 11:57:52,2018-12-12 11:57:52,,170@app.com,2018-12-12 11:57:52,jnoMtLHQea9nqdo8wOn8qCtuECq0XVeEUNG8rGxky1U1deSLNc22nZwq9EBI,
335,171,171@app.com,$2y$10$.0BIoNCU.aFrdPArM99IXeh2J0S6x.5LCHtKdyVA/BrE4aEAIBxBe,NULL,2018-12-12 11:57:53,2018-12-12 11:57:53,,171@app.com,2018-12-12 11:57:53,GdVVlQh2cUw6FopmKMoeCGvFNDQKhxStGOi92gG0d15XpfV9a8BM7UCI2d6O,
336,172,172@app.com,$2y$10$fHsCBhaBxjEz1ORg4NR1..CFDjhCPqqTBIIW44gaYKwi6Fmw3UshG,NULL,2018-12-12 11:57:53,2018-12-12 11:57:53,,172@app.com,2018-12-12 11:57:53,XUWfPvnacL2Ol5srnmvvMCC3z3LVmbGPc2ydTmxCaRms0P8iVmSKTeT1mPnn,
337,173,173@app.com,$2y$10$REn8G0DoRVnVuLUo3taQaehz55pubvAXP3N1CRUF2wdwBw4HLsQE2,NULL,2018-12-12 11:57:54,2018-12-12 11:57:54,,173@app.com,2018-12-12 11:57:54,jyHqPGepEKGbpttqZ3eoBbJTdpvEFrWfOW6uINNRRxYHpj1MabrNV0YygTZb,
338,174,174@app.com,$2y$10$0fiAjJRFHBrbglw2V.pa/.EkgBSkpIZPb/GJh3kKkIlHIgVyC1aFW,NULL,2018-12-12 11:57:54,2018-12-12 11:57:54,,174@app.com,2018-12-12 11:57:54,OL5wvJMOgniUhDWKMEAfuLXy1M4KYp4tFI5u0DcEoSCbWEfiIWOw4Tn5JaoX,
339,175,175@app.com,$2y$10$zTmrWzmveA.nX4a0re0PCen/bvs7ASsG.hXgznfKCy4ED8t0TfGcC,NULL,2018-12-12 11:57:55,2018-12-12 11:57:55,,175@app.com,2018-12-12 11:57:55,rqNcCm2odbbueDttebnFr6tjqQ08rLEvQaTVuTuNnRWfRdAyqtJSWXU3DLr8,
340,176,176@app.com,$2y$10$wStV60iELqj.UgGb5wJuxO9XAPHJ5M.J0cT..W15mSjgbMcLGq3Mu,NULL,2018-12-12 11:57:56,2018-12-12 11:57:56,,176@app.com,2018-12-12 11:57:56,LcpA9ilWC26YRkVkh251gDHD3oW7rtnbkutAs0xiUWKhuOJOIR6jNwx6ScE3,
341,177,177@app.com,$2y$10$AyDq6hyVc4qgyQIjRwBdKOGvWHevxrCPP1tKODIL37PtDTH20siTW,NULL,2018-12-12 11:57:56,2018-12-12 11:57:56,,177@app.com,2018-12-12 11:57:56,OTyymRMISSUsAR8LK9ZRM5gkEibWJ02k5Po1mdlYcnb2WceYm2XdfkmDM1XQ,
342,178,178@app.com,$2y$10$vrdysW122kIFGGM/EvPafubVcqVvEel1jUPC.U0rHMJEkyF1GflUy,NULL,2018-12-12 11:57:56,2018-12-12 11:57:56,,178@app.com,2018-12-12 11:57:56,UF3rES4QCcr7Az0o805glc70TrFyX8AF6oacxN1AIb8NbdaDp8Ndor6vUazS,
343,179,179@app.com,$2y$10$Rl82OB3oQsMkOqhiX8To8urV2Vi/wGLDqwNx1W8RlDKY5NsZH6wju,NULL,2018-12-12 11:57:57,2018-12-12 11:57:57,,179@app.com,2018-12-12 11:57:57,6XjdEMop8DtJV2NWVVwYf1Rz4uQCMXe9DIGXQNC8TAt2NRsH4B3Q4GYCYh3O,
344,180,180@app.com,$2y$10$uN6.OHbT0pUUE30JH4XEduVv5tawUNcVHTZZTy88s4rKo/aXfcY6G,NULL,2018-12-12 11:57:57,2018-12-12 11:57:57,,180@app.com,2018-12-12 11:57:57,vTGyu5MxDXJJHlOTLhVGWoB7kGL8gkq3qrYWj79yBVMaLyzy5QcF2flQro3T,
345,181,181@app.com,$2y$10$jbWZ6Ne.yvUyeIrLurEwV.KJmFFtBr8UbjxbXd7LGOYv5s5t7QSbW,NULL,2018-12-12 11:57:58,2018-12-12 11:57:58,,181@app.com,2018-12-12 11:57:58,l0aSjSFcksghomQj8sn5mjs60SFYnq2N1tlF9mM9JmOmVaosMHqnMo9nSlu5,
346,182,182@app.com,$2y$10$DKCh9lJ12RzZ32baFH0nQO1W86Puc1zsd6BGbCsPVw7o13a0c5oyC,NULL,2018-12-12 11:57:58,2018-12-12 11:57:58,,182@app.com,2018-12-12 11:57:58,j262hi9rOP6zVxR8HBNzhF7yREIbxisoEEjTPsOX5VsGDInmba7lWEnUPhdP,
347,183,183@app.com,$2y$10$mmNDvNpjjUmV.DZDMcF5ROUaDhI0IpSCwVo5IZh7SmfKUWoLqEoKe,NULL,2018-12-12 11:57:59,2018-12-12 11:57:59,,183@app.com,2018-12-12 11:57:59,dfTitOUgUNIRMQtzEONavabv2w81pu03gqNZFik2ykVS0xLAo4kot6aqAlMm,
348,184,184@app.com,$2y$10$5C7E93Q/4sK2mPQ.JVsGd.Ydw0U.mymcH8OkB8lpY.0IMCogUJlTG,NULL,2018-12-12 11:57:59,2018-12-12 11:57:59,,184@app.com,2018-12-12 11:57:59,ajwtOvrqv9dv9z9ZY9sQgdeHJqXxI8V0YABefiKGygjBG9pMZWiJUe179vtL,
349,185,185@app.com,$2y$10$wwXwLsc0P7tR4YGJCmasKucUch.5Rktl7rvRd/mdCCSNHgTEBSwXW,NULL,2018-12-12 11:58:00,2018-12-12 11:58:00,,185@app.com,2018-12-12 11:58:00,v260VE679H5GYFyNklY0poV16rhYCRoXBqAMBiv1vAEr7y8moqWhR6LY0Xvh,
350,186,186@app.com,$2y$10$PvWua6hJkKclk8DFjLldzOgScJVA.G5q9yrflFpsIvBFhHVC/94pO,NULL,2018-12-12 11:58:00,2018-12-12 11:58:00,,186@app.com,2018-12-12 11:58:00,VQ3n8gjDzpOAsmpucylhfgIizhwvQ2bY6jthZyz8cB3a3J4lydn779pA15KT,
351,187,187@app.com,$2y$10$RS3G6dU7hofz9yW7avqGhOXW2um34C0/RYm50LW8BUqi03X8XHVeu,NULL,2018-12-12 11:58:01,2018-12-12 11:58:01,,187@app.com,2018-12-12 11:58:01,kCADlGladiVWxORE5BakTali6nGjMIE0w9TTH8YFlrJyOar9n4kAklM0SQ40,
352,188,188@app.com,$2y$10$w3SNR1zxAiK2ZEJf6jycxejLqcPhAcZjND1wtffyxYVwVyBC.yxG6,NULL,2018-12-12 11:58:01,2018-12-12 11:58:01,,188@app.com,2018-12-12 11:58:01,svPespJQQUZTE5rDfYW6sbw8cdMUYNlastwlh4DLu9gGbezWvYCY7N3hu5kX,
353,189,189@app.com,$2y$10$USQETZmKAOZg1mu4Anu.vegSrmqhWjQI7cXpVS2NkOPy9quVCUt/O,NULL,2018-12-12 11:58:01,2018-12-12 11:58:01,,189@app.com,2018-12-12 11:58:01,wZv8GilGu4PbuvKGEuw2hFbthenvgxG4u0jW5wK72mHJ5GkiuyomrDutKXTB,
354,190,190@app.com,$2y$10$8w8U/isRXnhuIQ9rOaNPT.KvELgICGZsCjMxy4fq6jt9z4fCWzMgu,NULL,2018-12-12 11:58:02,2018-12-12 11:58:02,,190@app.com,2018-12-12 11:58:02,8Dt3Tt6jMknUAUwYxeI6miPUKmrh0q9wbIz04OAZyoiK1TiFQ4iYUYN7YRuQ,
355,191,191@app.com,$2y$10$Z9AX5uq.ssfRtJnmpg8cQ.SG3qyJkcc5SDoutOBcQyhpx1vcB3Dje,NULL,2018-12-12 11:58:02,2018-12-12 11:58:02,,191@app.com,2018-12-12 11:58:02,KPjhSBMxBcOBQ4PjNNbQbL87Biy2B5fm5RivKLdlwR6XMSnNSga3O76CzjX0,
356,192,192@app.com,$2y$10$tFVGgdwV01B3niFa.Dmspedme91bMDQ3Q3e6OmtlzDfGaIgi5wzBO,NULL,2018-12-12 11:58:03,2018-12-12 11:58:03,,192@app.com,2018-12-12 11:58:03,yU4j4mUnwHZ42pZL1jat8MjCiz1d3ysEcJf0bzmmVO0AwLBl7aq9LVP1fgDu,
357,193,193@app.com,$2y$10$tfgqf67e6RnTaVPwM8Q8D.mCLTwiJHV9NLWcKO25erhqOkp3rmEfm,NULL,2018-12-12 11:58:03,2018-12-12 11:58:03,,193@app.com,2018-12-12 11:58:03,QLpLhDO2R30ScQIBPYU9kDq34NPiR55Sfg5Lzr5zaXMnBLySNgvSODHGWCQn,
358,194,194@app.com,$2y$10$HUsERHE5iUl.xCnc5cd61Od47I.yJhyQBSJI.2/IfSCvY.5VB.6aS,NULL,2018-12-12 11:58:04,2018-12-12 11:58:04,,194@app.com,2018-12-12 11:58:04,3OK6xhNf4cZXOFpqHTlMW7bCzrTUIFRVcMZI27PIUF5CoJaCVhVOjPqiaEWF,
359,195,195@app.com,$2y$10$q0MV.PVXB3O6XEtcwWASFepMcXe9DKonkWPoA0Wsi3yXu05yNx6VG,NULL,2018-12-12 11:58:04,2018-12-12 11:58:04,,195@app.com,2018-12-12 11:58:04,sL1YvZ2JUDpRBwn3KR7pLBWg4tb2KmOKBqrjJEfMuxigGD1pqyh9Fb4QZyOQ,
360,196,196@app.com,$2y$10$vlCFG1poW2UER0acC3Kt8.IXwnL16kJwFDxZF8oQ3QxoeozlivIvi,NULL,2018-12-12 11:58:04,2018-12-12 11:58:04,,196@app.com,2018-12-12 11:58:04,CITbohFTQwgklf9y328pKKipV1r1DQ04SBFsYApV8C4BvoAeIv8574cPpYne,
361,197,197@app.com,$2y$10$aZg3N.gNEE2WhDJVT/7cKuuO4qw1BbH6i5V7kzcFehGUOF1rF9r.y,NULL,2018-12-12 11:58:05,2018-12-12 11:58:05,,197@app.com,2018-12-12 11:58:05,Xqy1SeqF3GZmbjKjX40DxiZLvAJgxSGsWO6a7vLEhhqraYglLdxesBYsnDe8,
362,198,198@app.com,$2y$10$5t6XRlHcDuN8sbwnvPYdze419KmaRmQUf/Nb9KxtqAUR0PIpPQ.HW,NULL,2018-12-12 11:58:05,2018-12-12 11:58:05,,198@app.com,2018-12-12 11:58:05,cN8TXaVe0nC3kVXtFDzKi0eJnPPKjPcl2TDJWj5xYwVSb9EHfRBqeuw1NHVX,
363,199,199@app.com,$2y$10$Nv06VqwSzz2XANp.NHTDfOOWKijcAg78GeNs8ZJccbTj19ajh3wAa,NULL,2018-12-12 11:58:06,2018-12-12 11:58:06,,199@app.com,2018-12-12 11:58:06,7CsVaknBzMfrgmqQGsau5gAQz4sU0ur9zQxAJOeI0rTd7T4dus4yYHNYlonK,
364,200,200@app.com,$2y$10$UIneBQdW/AVTZE7j3yIWTOxScCJ5iE7xiD0A7NerNbFqGT3xC4t.y,NULL,2018-12-12 11:58:06,2018-12-12 11:58:06,,200@app.com,2018-12-12 11:58:06,2xqA3OiylqhwrEjBvvuNiQk9mGIhEo9NCcAEVbTFlpDjXebYthO2bRtlY3Uv,
365,201,201@app.com,$2y$10$GnacR0zRum6SMHRzBOAvieiYBe.t.y34FnNQrL2uWytDW5amf02ua,NULL,2018-12-12 11:58:07,2018-12-12 11:58:07,,201@app.com,2018-12-12 11:58:07,ScDrwwIRoQW5o5vek3lrUUiLkHQkRrJFJ9P2SH7DGuWQinxasfcdSzl4euNl,
366,202,202@app.com,$2y$10$Jl7l2tExR2u6Ut13ncrUD./FBg.TEwyHBKH0F2FHwS76TMWbAestK,NULL,2018-12-12 11:58:07,2018-12-12 11:58:07,,202@app.com,2018-12-12 11:58:07,HMM2IGKhWIQ4Ecm0uNvnlTPfKsxP6rx8d0O2g2fvkrrcWhAkNz1u3EgBMmXU,
367,203,203@app.com,$2y$10$SZm.EPOzfa3MYvIUiB4xB.255T1ntqbxX2YwWOlbYH3nA.oaKUyeK,NULL,2018-12-12 11:58:07,2018-12-12 11:58:07,,203@app.com,2018-12-12 11:58:07,TK0324j4GqEWrd8TJ3Lv1kub17FgaOa5sg3r6yDUyIu0dImQAqfCunLNrZXI,
368,204,204@app.com,$2y$10$PDTDaZzwaPrD9HhPu5ktEe3QsiJN8tKOpH9x8FXpJRu9VWIAAISda,NULL,2018-12-12 11:58:08,2018-12-12 11:58:08,,204@app.com,2018-12-12 11:58:08,UOYn837jjakJLJd6ZYjYEBDi0HhMgiGZ6dAPSpIhsiU7hkYzh6kF02c07j5M,
369,205,205@app.com,$2y$10$daJ.CRg4bKAncBOrZ6vzOecxEn46ReWoEOH/11vaX0YZFKtWVnNGS,NULL,2018-12-12 11:58:08,2018-12-12 11:58:08,,205@app.com,2018-12-12 11:58:08,6sH6qBwTtfaUFxjNxcrttqb0UKK7JFBtOysUfnPzJxPLRMwnRuMRcmdFVKaW,
370,206,206@app.com,$2y$10$ViRULMCvXVSdf2D/QKZs6uHmZ7oHlbqC0m/6rBk0Dr1U6BtEeqzKm,NULL,2018-12-12 11:58:09,2018-12-12 11:58:09,,206@app.com,2018-12-12 11:58:09,hF8IZFfF7qn3HN2VAT1py4565lNHhwlyhwcUdTRz2UQLiouIOQoaCHgfiVzs,
371,207,207@app.com,$2y$10$WSrdVAnvKOPyYZWhNtmYX.VshxknDpojW7s4xJYOdlMN5Y0ZJZ.pG,NULL,2018-12-12 11:58:09,2018-12-12 11:58:09,,207@app.com,2018-12-12 11:58:09,NMEKTd6yErgc686vIe8mwPUviNUEpAUfvqh5kdyRHFj9F6qF0AezQlf5HOiK,
372,208,208@app.com,$2y$10$SS7kOh8G8Hz37X1Fzdzse.U9DW2T3lRgqqWqgN5SXJnFEH5cEFLxW,NULL,2018-12-12 11:58:09,2018-12-12 11:58:09,,208@app.com,2018-12-12 11:58:09,7j4rQBKEFxB4u6g0vJcqtyHSmQfcT9QGpxzysRKwm97VaBJp06JozzRZwChS,
373,209,209@app.com,$2y$10$9BNPJgHVYyTOQKOY/RzOa.AMhvo730ElDXiJvVnY9OZfm2xag7wfi,NULL,2018-12-12 11:58:10,2018-12-12 11:58:10,,209@app.com,2018-12-12 11:58:10,yim59TiXDt16x9KlHO7scv8tND2M5CC9XsQbXSQlgCC21ObujzLD9ps2ChgD,
374,210,210@app.com,$2y$10$iHalxFBe5fOy3PMoAemH2uNaszOz5so./SVC83nVw29kXNGmlv3HK,NULL,2018-12-12 11:58:10,2018-12-12 11:58:10,,210@app.com,2018-12-12 11:58:10,YXrQsFCelgo2VEpkvaGjobOCL9aMJhAdeXEboZqHil7kZKuswdnKqlvsIS5M,
375,211,211@app.com,$2y$10$lYkq1w/ieEgfZUwDixcAGea1sqgQ3BXC/EuE02RsGs.MwANUfN9bq,NULL,2018-12-12 11:58:11,2018-12-12 11:58:11,,211@app.com,2018-12-12 11:58:11,DxTt5zbvQiYBUtHIiEzk0USw6iMypoixK3rdIQF3hvSlHolCMWgJDvVh3c5m,
376,212,212@app.com,$2y$10$ykUZkEsZFyTNjGlZ8E725eA/Qz7q7SXTmVCgOTzfWCi7K/oyn7Yma,NULL,2018-12-12 11:58:11,2018-12-12 11:58:11,,212@app.com,2018-12-12 11:58:11,6hEWSWqEAFwIuCQeopVUWewGTxFWkfgCxeCDKWr2kiLOIpdHz11d7XQuEmxT,
377,213,213@app.com,$2y$10$3IFD59JdY.KlxKFGBlSNN.e5QhXAtSIBsnlV90.5CfsNtt/iOatXu,NULL,2018-12-12 11:58:12,2018-12-12 11:58:12,,213@app.com,2018-12-12 11:58:12,mm3L8f8ZqLqz6HWAdU34BwtPa4ALHwKEUY2D8MJn3jWCbuv127hZ0RkwBSFn,
378,214,214@app.com,$2y$10$3rP4ucZtIRb3C6eD4P/Xu.F.3qS3H/wFbJnPI4wGKdjFD7mYVAsVq,NULL,2018-12-12 11:58:12,2018-12-12 11:58:12,,214@app.com,2018-12-12 11:58:12,EoFYRDW4ZloNesijk2cBYiwnsKT8VgnFjSNcnyfii9LMbXc3kl7UbzPzzHl0,
379,215,215@app.com,$2y$10$q3HNAtNKB3q3UQOrpCCYZOZVrTUeG2xxkevah/DndzEm8RD7yZSLm,NULL,2018-12-12 11:58:12,2018-12-12 11:58:12,,215@app.com,2018-12-12 11:58:12,OZTtZUiWBMuE9wGDleaUf0IZw4XWVI8sv6n192RI5PyDz6QMW0ZfmGv6R81I,
380,216,216@app.com,$2y$10$5M1cWU4Fox2rn9MF4fHGZ.alR6944p2mjHDBHaqTxh2F6X5XLoBvO,NULL,2018-12-12 11:58:13,2018-12-12 11:58:13,,216@app.com,2018-12-12 11:58:13,OAcYHZYd71DV72L1AwGkpTeUf1xdaMWG9L2tUn3Z9zEOaJAQ1qfxoFi4RQLe,
381,217,217@app.com,$2y$10$qTxvIQt5x0SmYcLU0s4bxur2jcBbkUWauZMe51Wx.sS3pFIu3gaAu,NULL,2018-12-12 11:58:13,2018-12-12 11:58:13,,217@app.com,2018-12-12 11:58:13,D1FXWydNBaPpEw5ul8CxpmYp0hkMuyXRYUpoYpmDyhwMWLTVboziAlHqnRqh,
382,218,218@app.com,$2y$10$62KGkfsmhB8YS5JE6uuPX.diFAR8i9UncsCpz0ZkDepqHyJvkAq3m,NULL,2018-12-12 11:58:14,2018-12-12 11:58:14,,218@app.com,2018-12-12 11:58:14,emW2rEybUR4rUfda1i3zH8ljyEUgWaxcbg1HulJn29P2vMDxRNfGOLIEhqjo,
383,219,219@app.com,$2y$10$hQuQDe0uUkJOaKIt0ojnduZhSKGt331UVAWmozRGjZCc5kLXzF4AK,NULL,2018-12-12 11:58:14,2018-12-12 11:58:14,,219@app.com,2018-12-12 11:58:14,9jKQBMvljIkO8QoclBD1KGDlobfY4Yd1GTUiV8nlPVZe7U7SKWb5MrTtgth9,
384,220,220@app.com,$2y$10$OEsgthBmd.kFgJL.XY.Sku25EPYK5SXBiRGywJST0C8pNUw1a8Anq,NULL,2018-12-12 11:58:14,2018-12-12 11:58:14,,220@app.com,2018-12-12 11:58:14,X9k7W7tCviJholuKhavWXSmde0bAdbG52Y5DGxZpJp1bxQSGDnfIJNnrUeDV,
385,221,221@app.com,$2y$10$hyRmWFJW8QimtWafMu.w7.d7G9PEZIeTToR5vqT0iUufAWcldWfNG,NULL,2018-12-12 11:58:15,2018-12-12 11:58:15,,221@app.com,2018-12-12 11:58:15,avEJueQ5R454XZCZjrBLj59lzNoU8nH1OeaUD2VfFmC1hAQE8Pp2rvi76k1d,
386,222,222@app.com,$2y$10$AnKBrNlAD4jGQhJ4fNHIsOLQi4v7CrQKcERGH9EZ.mJEwIJcfJfxW,NULL,2018-12-12 11:58:15,2018-12-12 11:58:15,,222@app.com,2018-12-12 11:58:15,K8ijVKNIr8kO4Gvkn48e0GlNUHowmJfhqzqoPuDk6tolCez9MLGSxhysIALC,
387,223,223@app.com,$2y$10$W8fYFS/9dic4lyYcPrOqgOjpu8yNQx4LemDs/u2EBSbbnanzSRxkq,NULL,2018-12-12 11:58:16,2018-12-12 11:58:16,,223@app.com,2018-12-12 11:58:16,Sux763VCntSplbAfnqF2f65rLLlBv7j6uhuzr2LolLb4L2NG16kiom0Qv9sr,
388,224,224@app.com,$2y$10$H6pAZJRT.SkeW0UNBIyrteKoUKc8GCJ.R8wT5n74o9AUV9jIwK0XC,NULL,2018-12-12 11:58:16,2018-12-12 11:58:16,,224@app.com,2018-12-12 11:58:16,M27N570tnDEay9ali2gCCRuC46nlmQlUuRpspIXadBzuDPgUvCG8W9iTRdjc,
389,225,225@app.com,$2y$10$CmcRDrT83OE8YIZ7OwU0r.3PU7x5pGvKkfzQkwN13EN6vt1kzmM7S,NULL,2018-12-12 11:58:16,2018-12-12 11:58:16,,225@app.com,2018-12-12 11:58:16,zBfCvNYtdSvEPmYfc3PbAgLiLHt8MrsXL1zCdGc6oouSyNfWFPsip185Iz5d,
390,226,226@app.com,$2y$10$foFNxvvXI0yHWxwhyR6UKOT0Wb/Qe7HSiYbszqbE.rfTBfnCxd5Fm,NULL,2018-12-12 11:58:17,2018-12-12 11:58:17,,226@app.com,2018-12-12 11:58:17,eKn29VEETtEXfC9bkStR3LrtlOG982VkpvNXYnZTwPcJ0Y3FAQ2h4NIRrWir,
391,227,227@app.com,$2y$10$0ZfXVgXsGTpRzf/s4M/NfOsI.b9wI7cMJTtHR9uD3x3PpHwiQr9qe,NULL,2018-12-12 11:58:17,2018-12-12 11:58:17,,227@app.com,2018-12-12 11:58:17,OffTj3amIvlLfSZxPb0N85HvLEbnsFkiFFHEDeH8EHzKDy6RgGiZxOLvGpBd,
392,228,228@app.com,$2y$10$g464WHL7ZTk3z8hqZkf8DeLV6b4U3KvkMPa7VXaA8rJxieLVnJj6u,NULL,2018-12-12 11:58:18,2018-12-12 11:58:18,,228@app.com,2018-12-12 11:58:18,KGBGYDrz2gDMOLpSqZNSOWh0PLVscKshD4qSnDk4P7OpD2DTTKfBHsCip3g4,
393,229,229@app.com,$2y$10$LPFRruzzhCrQaLW4RM2DOuU2Y.nVpcsTAy268cbj3KIQSUFsDqf4.,NULL,2018-12-12 11:58:18,2018-12-12 11:58:18,,229@app.com,2018-12-12 11:58:18,m6QdAmjls1lSJwsjdU26nUNqV0JqiV03hrX94DkTirPtp593vh4fOkRebaic,
394,230,230@app.com,$2y$10$wOdzANAVSlavzE8/PF9Uxe5MVZcrI6019SSzQGduWanf7sHhDX6ee,NULL,2018-12-12 11:58:18,2018-12-12 11:58:18,,230@app.com,2018-12-12 11:58:18,ahPp3pIWye2pMgtEvQfTr745FtLZoGtKLk67xasVnfRZPzHUVxPDN8vIIb06,
395,231,231@app.com,$2y$10$J7XJpVJdt4BZgoGcGXPXqOkLTBFUnlmQ6vwfPdPG1Mr3kXIgNK0Wu,NULL,2018-12-12 11:58:19,2018-12-12 11:58:19,,231@app.com,2018-12-12 11:58:19,w3SPJpS2wC7exY5JyKaV6CZQNtYGMtTzid1T8WTW1OdCkKB6EZrlt3x67VET,
396,232,232@app.com,$2y$10$r5M0kkXu5MtElXCyacGVOuMTfLsC6VSnicWeZHRmrh9V1vwxG2SIS,NULL,2018-12-12 11:58:19,2018-12-12 11:58:19,,232@app.com,2018-12-12 11:58:19,x421V9DRemsyB7Kwj3RKfXM4m79dd0lPzlUBiZ3Dkp7K8hiaP2107uXK4khd,
397,233,233@app.com,$2y$10$X3EYhGIismSPbK9YfICxh.6TtU/tJ2a87mx.0mIl.G460WLTH1W16,NULL,2018-12-12 11:58:20,2018-12-12 11:58:20,,233@app.com,2018-12-12 11:58:20,noCCFDEa6mIQuv8AkryhBt6pTBxNbEOtFSyBvvRDARmVxjzYTwVXDMD35Q2N,
398,234,234@app.com,$2y$10$dBRpxKZHxlEEO7aHct0BTukeqpHmP.To.Y42fyHb3xnztqUk8nRG2,NULL,2018-12-12 11:58:20,2018-12-12 11:58:20,,234@app.com,2018-12-12 11:58:20,K1efM16vrztYYwdEx2lZbG4NXSNfEWYF0IbKTuuUPoxEoQUAWdJFCME9KR67,
399,235,235@app.com,$2y$10$dKNPn38urRyz2iuANfTBU.beOV9G9V/64KcHV4Lq39FvGyjpbf1Eu,NULL,2018-12-12 11:58:21,2018-12-12 11:58:21,,235@app.com,2018-12-12 11:58:21,RxQeRXnmJeG8RfoZxd1zIjpHdrrsPj7hEuN63AFATxbscx2GUT8m8pC3alNT,
400,236,236@app.com,$2y$10$eQAbUtY3g8AoAnPtXd0FYO/DstYefc6hmg6.lNre0Me9JlCvQgNf.,NULL,2018-12-12 11:58:21,2018-12-12 11:58:21,,236@app.com,2018-12-12 11:58:21,wbODN2mD95O6ol90jejwd57VQZYw6TN5MjoJXNombMUbvRv8Gm9abGh83LNW,
401,237,237@app.com,$2y$10$UPi/cuxIIlmpG.F0w84yNeb1cDqahj67nLIrBucxBhKt9O9NaE8M.,NULL,2018-12-12 11:58:22,2018-12-12 11:58:22,,237@app.com,2018-12-12 11:58:22,m4FHrQ2mQ4467nbEUz9qFhxmVmnpUM09NJihMeeeqIRs8ErXAyajGo75ChCT,
402,238,238@app.com,$2y$10$0B.9.njkM61mh5FDdln/UONWLbcMTyWDDtCy1pxRYOFa5CE3U.D8i,NULL,2018-12-12 11:58:22,2018-12-12 11:58:22,,238@app.com,2018-12-12 11:58:22,aeqA9pA1HhVJ3imNWswMzVDcg30nhvuckJkpCcAzs4pkqvrrGFY5LiZ77ZNH,
403,239,239@app.com,$2y$10$PTNYVzMyfQHPbPAZUj.6TOCMyGAaJIYfSPYfOxkr0DpKm1Yxacok2,NULL,2018-12-12 11:58:22,2018-12-12 11:58:22,,239@app.com,2018-12-12 11:58:22,2h9sSKrkBex7Nz9P7MDeryu4ilOZCd7uc4St3TRFYqbzaPWRkpYH08856g10,
404,240,240@app.com,$2y$10$hro1HWrOHYR96UBk5wTAZ.98QIK92dnkB4eD.Ltvn0kH/ysdGEeC6,NULL,2018-12-12 11:58:23,2018-12-12 11:58:23,,240@app.com,2018-12-12 11:58:23,gM5JOj7ykSSj6BEutuKHcCxAwbnEtJ8lDpgv2mFCrBhhjfsCTq2Iy29zceLQ,
405,241,241@app.com,$2y$10$XCpZcOKMk1GHaka..gH.1uhVkKiCAfCiBm.O0J6CIT6C1sdZM4M5O,NULL,2018-12-12 11:58:23,2018-12-12 11:58:23,,241@app.com,2018-12-12 11:58:23,GkJksKbfVixd1czgI5pWt6GJHmv3Lirz93sWmnnjHs6KCvhxdfxNWgvvXtN7,
406,242,242@app.com,$2y$10$jpN46qSlMQR56VwgWi1cDuVWl2fi2qj.LVnK0A34UuBECDxm6sEgi,NULL,2018-12-12 11:58:24,2018-12-12 11:58:24,,242@app.com,2018-12-12 11:58:24,GzZ4z1svhnN5rVaoLmmvVcjnPbIQl07iAg4SbCa0tO2Qh1871Ru6R4QNxzsP,
407,243,243@app.com,$2y$10$fjCylMfxLQf3mVTfqjPDZO0YebsIGSB65EYx4DTMvYFbwrAB6vHvS,NULL,2018-12-12 11:58:24,2018-12-12 11:58:24,,243@app.com,2018-12-12 11:58:24,Z6u52ZeHu1MSK58RMjrJgwQONiXXlg7th8gYIf7f41l5BjWi81ThcjHpCWOP,
408,244,244@app.com,$2y$10$GChopKTveDj.3CLAQzcOYOn/7JgqSl45xQOntOyV9GWUe06Usg0t.,NULL,2018-12-12 11:58:24,2018-12-12 11:58:24,,244@app.com,2018-12-12 11:58:24,N7Melz9C3Rxkl3V4O1fjPornmVldI2exph8wWuqSpb5Tmhnw7nUH4U9wmpzV,
409,245,245@app.com,$2y$10$ZEYjCGrETabPMPyMs9XjEeFlgGJvAzXJUrfH0uWQS6OYln/0a0fH.,NULL,2018-12-12 11:58:25,2018-12-12 11:58:25,,245@app.com,2018-12-12 11:58:25,YEoksws5bDrRQgltu8Dv4JBgaSvdZCqiUuTY5pryfyN5RCJBGzJlONk3gOh8,
410,246,246@app.com,$2y$10$EF/i3jCi2Gz1BgAq5Lq1tOA1jIhZokSXBLLg3CZGQ8hx7hWMzal3y,NULL,2018-12-12 11:58:26,2018-12-12 11:58:26,,246@app.com,2018-12-12 11:58:25,Ng4I9SJD23KULHJl7yVBXgq79m6As8F6U6Ucbw3GxkKYYmBLVYiHvMqTbLPE,
411,247,247@app.com,$2y$10$TRzELN6cuyC5OFl8jSbrA.3FeryU23mLMugwi17g4ed4h61qLfne.,NULL,2018-12-12 11:58:26,2018-12-12 11:58:26,,247@app.com,2018-12-12 11:58:26,hfLwo9eZxfwg4oKqtO7OjLwdfvICkjEnDJmzRTOoFykmP8Zgy1E6TlEKeDpJ,
412,248,248@app.com,$2y$10$UWSAg9WQ48aqsGHwxGlX9u3j8BYxh/SDfqMsnNAxZ8mfN6M4CTrpy,NULL,2018-12-12 11:58:26,2018-12-12 11:58:26,,248@app.com,2018-12-12 11:58:26,TB4TkDgkRVC2zH3MDU2lJLaAEMAxKR80psgSJHr0JIItG81YdngnZWcg78MP,
413,249,249@app.com,$2y$10$CPiSdTNt13P42cMH7y0gCuctOx.1EWEInfDXIaSB/MD6uzZ4vb54q,NULL,2018-12-12 11:58:27,2018-12-12 11:58:27,,249@app.com,2018-12-12 11:58:27,eShFsDBQLAQ3YA0kGrAiNBhxPD2Ym0M5MSDaJeInsNX8LaRcytkcUIDgk90e,
414,250,250@app.com,$2y$10$6rNHJrcoE.KzNowPsiZxX.rmpW7//oAvtEXY7q.Bg2HvE37EJOXkq,NULL,2018-12-12 11:58:27,2018-12-12 11:58:27,,250@app.com,2018-12-12 11:58:27,wQZJxRNTTSbsksaaaf41HEcHSDZo3NZSojK54SeaPs9YXmB2jaG39q6iEoNs,
415,251,251@app.com,$2y$10$h0avdCfvGRrtjfV8DuAaM.0EXyO6BzZnfuMUYkt1AScg4lR7jcAb2,NULL,2018-12-12 11:58:28,2018-12-12 11:58:28,,251@app.com,2018-12-12 11:58:28,uQtVcRz7p6yBbQR5MONWIQSfCeq7GueAr6jcAySetCL5aLwwPsAJI8LcbRFM,
416,252,252@app.com,$2y$10$bBUITT.mZGUnQUUvA2aQvu05Tc0SxcDADbosEdEgZx6vRXbbbsaLC,NULL,2018-12-12 11:58:28,2018-12-12 11:58:28,,252@app.com,2018-12-12 11:58:28,RKArKyHGkBMHY0lBxImZMLHXScQSnffk6Gjt5blbIhYbl5W1C6ZJvTGPlgRT,
417,253,253@app.com,$2y$10$Si.MGCWXXWyipFgguTnKGOazwmwoJ5JPFnEX.g6wBQN21XcaZUi72,NULL,2018-12-12 11:58:28,2018-12-12 11:58:28,,253@app.com,2018-12-12 11:58:28,FrQsDMD5thJPEibp4uAwx6CfiZC8iHluxWm0UWhAqYaE6JJDZZch6OL0OioY,
418,254,254@app.com,$2y$10$2YcnqV0E1rSn05NXVcdfu.NQocX.onb5kL0peSTq8U9NoW0W5onbm,NULL,2018-12-12 11:58:29,2018-12-12 11:58:29,,254@app.com,2018-12-12 11:58:29,5huyeUdg7iIqilC8Uk3O50cgTyuBtmZt3x2PuwTCESiOzIEU8fVRYrAnDcJo,
419,255,255@app.com,$2y$10$hYTYFl4kbtXZ9Z3pG6c2Y.2IzfafmkNv8z4.GWOLbuVRiV2grA.lK,NULL,2018-12-12 11:58:29,2018-12-12 11:58:29,,255@app.com,2018-12-12 11:58:29,jvAD8BwuuGlb4eAmeMvRCx5EKP0v0oFGMgoXCqze96p0DNWl23DP4K3kHzfH,
420,256,256@app.com,$2y$10$kPFZRZhNQP3MFYBDy.xRQOl7e9tDaWzChubdOgmWak1g1gJ4GOzvu,NULL,2018-12-12 11:58:30,2018-12-12 11:58:30,,256@app.com,2018-12-12 11:58:30,oFG2eF9Zf26W15jcbpwJnyqfKdDaHB7TMaIrlgODA9QVAk1DLhtbJVNZhUBA,
421,257,257@app.com,$2y$10$T5qxkK6IX7kMs9xDSVbS5u6..w2cxNOPfH62UfelwFUta1AG2p2Hu,NULL,2018-12-12 11:58:30,2018-12-12 11:58:30,,257@app.com,2018-12-12 11:58:30,ukuRm3IFreKpvyiZ8qMTu5UZvPFmvsirU9LUjqdrzEzvLQ7xjpyIeMNKhTHl,
422,258,258@app.com,$2y$10$aeW9vyaNUb/s2X9vT6ARCuMYtDSMyku6T83WUTwF1ydxfiFfPctSa,NULL,2018-12-12 11:58:30,2018-12-12 11:58:30,,258@app.com,2018-12-12 11:58:30,21sHsIMFi0ksIRQSDVcEoqEpF84Bjp0cEWYcyo5wia4X1Hg2RQwFySQQ2ElC,
423,259,259@app.com,$2y$10$iksf4zcmpXZa8fN1824g5ujzLAzMzjB9Q7FUzvMESq1NMtlPfG68O,NULL,2018-12-12 11:58:31,2018-12-12 11:58:31,,259@app.com,2018-12-12 11:58:31,FiAS79gpaaNPcfTCECujcFHJXb64qkg0M3Xiz8o7sO1mmZHTh5xkDTVTVS4J,
424,260,260@app.com,$2y$10$C6zGJLbF7.zPclgWenoK5O0H1kCAYSk3r63xD0GRSxmmHX6pcHoeG,NULL,2018-12-12 11:58:31,2018-12-12 11:58:31,,260@app.com,2018-12-12 11:58:31,KhL5cpBeexlpdAUeL5inJQf2hnzwJo7piwZkA90ad45sBp7MdGBqlkXHKYjK,
425,261,261@app.com,$2y$10$QEh0m6LXSb6MhkZeooOV1uAd9a.puH/iOW7uzPccpfGulwxIY3sB2,NULL,2018-12-12 11:58:32,2018-12-12 11:58:32,,261@app.com,2018-12-12 11:58:32,oVz5k8nOqcDpmxv2dIj3KZHUHosXSBQAXAmB6XgaHLEZr7eYBDtrB53iFIbP,
426,262,262@app.com,$2y$10$bATxOIDBd2AJVUScrPpo6uFLq78SU4oJeCQKkie2vle8daXifXeg6,NULL,2018-12-12 11:58:32,2018-12-12 11:58:32,,262@app.com,2018-12-12 11:58:32,nWceC8DKgj6jxWcU7PbnxqJXCpwiHAU3oqEYvmaAzonb4vdvxKGnzL89fjT0,
427,263,263@app.com,$2y$10$Likfd4TLxsOnbve5c/CvsO9Xjk8CVUec6cq3iUw1vGIIxWmG/QPJW,NULL,2018-12-12 11:58:32,2018-12-12 11:58:32,,263@app.com,2018-12-12 11:58:32,TwaFwarh8uGYcKNpdQLG9j22H39gg8nX5XFMIUIMl0SMLvBCX4datTtLTlNB,
428,264,264@app.com,$2y$10$FSDIovrUR0rNBwdz1qjhI.N3J.2IAbEZPgSchwaVp2o74wL5gxkUS,NULL,2018-12-12 11:58:33,2018-12-12 11:58:33,,264@app.com,2018-12-12 11:58:33,iCZ9PUN6Y9Poq1UZAGpO7BC3kWgbIu6GX7e74wvMYk2wdOFoKAyJd1i8jpzL,
429,265,265@app.com,$2y$10$TkrFkbSUPnjE5FaKpQwqeuQQofIXX6Fq05maeQ50UOb784smQivLq,NULL,2018-12-12 11:58:33,2018-12-12 11:58:33,,265@app.com,2018-12-12 11:58:33,FfHON9FIeJGY8PH9Fec7kK1039cWs4dQubf3tUhRQMPB49PBmzbeICobMCUp,
430,266,266@app.com,$2y$10$BxourSWWMwf0I1RuDyFPi.VXRhIeZ/.yOvPBmPPDbU5sflLuPOZqm,NULL,2018-12-12 11:58:34,2018-12-12 11:58:34,,266@app.com,2018-12-12 11:58:34,Hr96CMb0x6zPkaNzq0277ibUziAqoU6olvB65zg4hamsq34AsZeajr3RdOyA,
431,267,267@app.com,$2y$10$sMATSIYXdkkuqkk0nhMIAOxc7.PsZv04cdnKQ7FJQZRn5JlqYUyn2,NULL,2018-12-12 11:58:34,2018-12-12 11:58:34,,267@app.com,2018-12-12 11:58:34,TliuUCD17ZlC8xsYTMIhc6QSHEssy2ETwbt7bUOnqcxtWYNwimrqtDm9Q4Mq,
432,268,268@app.com,$2y$10$r1WvFWINL0wBJwtJpjBOzufJnztYy4Q6Ou2QS6nY9u20zhas29VR6,NULL,2018-12-12 11:58:34,2018-12-12 11:58:34,,268@app.com,2018-12-12 11:58:34,bAc26SNrrcCygpltsyv8qN6JIViKu5aZIhqP8MFIDygA88RgY9mQHpNPDhGH,
433,269,269@app.com,$2y$10$PImgkIjj0VubD1DqCSUUEeCI4PRvZ.pZZzrB3u4cQW3xZK2wUrAsC,NULL,2018-12-12 11:58:35,2018-12-12 11:58:35,,269@app.com,2018-12-12 11:58:35,qP8Nh4p6LDQsLFKlvTf3Jb9IvMAotbtIH6a55dtEJGlx971ZqfuZS16UqivN,
434,270,270@app.com,$2y$10$huGxPZ.HFANzVuR1Cz0vOuYqDfCpv.0VghlCaz9o8G3iJuDhVCHyK,NULL,2018-12-12 11:58:35,2018-12-12 11:58:35,,270@app.com,2018-12-12 11:58:35,yv0qvLnJf1RWiU8pm45VQE0myKWsFryGnrlbrXJsQd4G1oYAPNRsJTdPVoNi,
435,271,271@app.com,$2y$10$Q.wWpB4rS6sJvBwcON0NQ.gHcq1mLEdyDOagSzO6ChIRAXT9ROyI2,NULL,2018-12-12 11:58:36,2018-12-12 11:58:36,,271@app.com,2018-12-12 11:58:36,dLCkKczav3uU0HXvFVhTvr6f4VVJvPn662NgOon44ilvpKbUQ9tHwKFLMMp9,
436,272,272@app.com,$2y$10$FDSzzmxDj/ezcCRQ6/enPuHi1re0bPeikWRRE3OB64pwXCs34X9WK,NULL,2018-12-12 11:58:36,2018-12-12 11:58:36,,272@app.com,2018-12-12 11:58:36,zRI4UW4zJ5zZ5ynrLPxI6f5Rc35V38s3BtdnxHW6JLW9UcAwL8yXYQovDu1s,
437,273,273@app.com,$2y$10$EF3kfclrKvyzAW2Nd3lj0OuXhpHqph5wPrPHMjUYfbWOoPomHy9GK,NULL,2018-12-12 11:58:36,2018-12-12 11:58:36,,273@app.com,2018-12-12 11:58:36,fNPWQcfv1VjE3yT5MExgbimEfcf2MM2oeB8SZlC3Gw36cTAEZ8UwtOXd4QaF,
438,274,274@app.com,$2y$10$wx2mxlI1E9tGU7CiFh3s2ODx64GLbINJnV3Eqo/74p3X9blGZL9hu,NULL,2018-12-12 11:58:37,2018-12-12 11:58:37,,274@app.com,2018-12-12 11:58:37,mfavi58vA8epibWEKPjnwXGElCm3YXkALmn9a9NsPhDsadDO5ojSblOWcKc6,
439,275,275@app.com,$2y$10$SB./Rib6nxnj7YBf5FOzS.NFw8NQ0xaMJYnLMjXvtDEN1aarTB2wW,NULL,2018-12-12 11:58:37,2018-12-12 11:58:37,,275@app.com,2018-12-12 11:58:37,upSwdJizeR7AQgnl72ngpzNkwAmGcZUseoFt3EDLehH7wlXpxWjdA9H249g5,
440,276,276@app.com,$2y$10$mkVjdWY07QJgyCxpDVOX4elzfFELnDzp.WOfoGef6fqxCHLpcVwrK,NULL,2018-12-12 11:58:38,2018-12-12 11:58:38,,276@app.com,2018-12-12 11:58:38,YljcETpUwyLMnlq0rotbrqCQQRGLlixfd3JWMf9soO40CjsNWRIxEXWVvSZp,
441,277,277@app.com,$2y$10$v1pMqM1bSyAfTnzODbIMt.FA7u49ZO4LVm56fLSyuS.hq8mhVtD5S,NULL,2018-12-12 11:58:38,2018-12-12 11:58:38,,277@app.com,2018-12-12 11:58:38,ipjUN9PvDeCOsvHGENDQUAo26oYe1Rlq6kcUE6I81NZM4BB7qWsQHYQ2RW2S,
442,278,278@app.com,$2y$10$Gh..V4dG.n1YfIwQS6utMONWbcoLWK2Sk0YFzQDF0vXqT2UUu4mG.,NULL,2018-12-12 11:58:39,2018-12-12 11:58:39,,278@app.com,2018-12-12 11:58:39,oTFgsmAlNpDaiDUQpAKpvHck4RebsRGTyATN7OTZQpqr7MeHtQWpfGHvdMbt,
443,279,279@app.com,$2y$10$8nTqcPJxyGlYPYuvUc5cju0okKNinw/9awkNnmLqTFc5SHX5bsDQa,NULL,2018-12-12 11:58:39,2018-12-12 11:58:39,,279@app.com,2018-12-12 11:58:39,qn4SKYJo2xS1icTd7BVzaEmoqaVbyLGJ0YJlJx2eDFVGKRXHY8UyioObVhRh,
444,280,280@app.com,$2y$10$aB5QWqm3.XRESvRIIe2mzu/9LER7w06uA4/MOkCAhaU2oQTaxBcuu,NULL,2018-12-12 11:58:39,2018-12-12 11:58:39,,280@app.com,2018-12-12 11:58:39,porkG9c5QMIMhHIz5R5P5yR9a6EXkqJOD2i5zQKG8jiCHVh43lxPT1IG4ddE,
445,281,281@app.com,$2y$10$DAa4ZQIZQlsw9zI6vnW9VuxHIjuhFhBgWOaAive702KQ/JymIiEJW,NULL,2018-12-12 11:58:40,2018-12-12 11:58:40,,281@app.com,2018-12-12 11:58:40,xnRx8Hc5TqbHq2cC18tx1jRES6Y7TbMQDobKoH5Iy9wA26g6rj9myWHlyehk,
446,282,282@app.com,$2y$10$Yo2DVRB3AB9ybk6V4.x84OEuhqu6Ep1Dwy7DQq8f7Vs15bfbn3d8m,NULL,2018-12-12 11:58:40,2018-12-12 11:58:40,,282@app.com,2018-12-12 11:58:40,JlPLU8tHhOaviaZZQNssbKPlSFC2pfE2cQOsM6T4cJc8KCQCYZmQnmUPVwA6,
447,283,283@app.com,$2y$10$sbNa2XeSipwcaFrVeeOoBOkutlUSMSiGkze2saYKwY07.vWvPZJNS,NULL,2018-12-12 11:58:41,2018-12-12 11:58:41,,283@app.com,2018-12-12 11:58:41,WJ8X1Zjm33TLmrJGGsNu34MomgL3YQUdl6PNHqzm1HhgIEbED13bE364o3HZ,
448,284,284@app.com,$2y$10$7tLPo8v9RvzztvKxT9McFuysSuTbAD7r34UYpIKuZRcU4j.uImzny,NULL,2018-12-12 11:58:41,2018-12-12 11:58:41,,284@app.com,2018-12-12 11:58:41,kgjd1Nc9rHROl3kO78Y7a64Eb0cUwZThG43y80xgTrfStQzfPfkM6GdoRUiN,
449,285,285@app.com,$2y$10$n7O6o.eVhASYhM8XaUvk6O7ZRTlvJcApZjTu7smdjsl7i//NcZDXi,NULL,2018-12-12 11:58:41,2018-12-12 11:58:41,,285@app.com,2018-12-12 11:58:41,e0h6PF2xMNQaSJ5ZbkqLvRucO5lGasL4UmdJbuu2PZiv7eN2dDeVhgJ64ctn,
450,286,286@app.com,$2y$10$Qm51esg.Tw6R8TqJbwCQl.BAtNO2ZktI12.HCnJMAPYkaY1RQFekq,NULL,2018-12-12 11:58:42,2018-12-12 11:58:42,,286@app.com,2018-12-12 11:58:42,vgYAi5hUwom5XwJrgjQ39PotaFZnieEFAqmvbUn41asJtV49hSRVrqveMiNT,
451,287,287@app.com,$2y$10$tclGcjcSrcixK5zNeI.qsOtxPYWAEys.0sGXi8N87Rgaiu5eVdwfW,NULL,2018-12-12 11:58:42,2018-12-12 11:58:42,,287@app.com,2018-12-12 11:58:42,yNry66X2hreDJwbEiztfkF5VEmwhUouB42Uzqh3yObZCuPgePFVdmCYHFm8l,
452,288,288@app.com,$2y$10$vn52RV3F0jTi1Plef2WFreC3CG/r0KZ/8BJOLdBx6BalXIOEIquO2,NULL,2018-12-12 11:58:43,2018-12-12 11:58:43,,288@app.com,2018-12-12 11:58:43,1jugwzi2UroN9AxvkuQtNsAwMG0E99a9PjZpP3SEDUyCTkpXgh0Njwh0Kr4l,
453,289,289@app.com,$2y$10$RxaC6kkz76mhjyGSyPs0NeHqzyAdPhTTIg2CAdI8zWJLrUHEenxNO,NULL,2018-12-12 11:58:43,2018-12-12 11:58:43,,289@app.com,2018-12-12 11:58:43,HBQvTcDjJT0DRD4Qfo3Ccr4W2HSO6eiV9xdoqyv5T23cUmMy5mpaq2IDHfr9,
454,290,290@app.com,$2y$10$uL/Ngo8DLAGAwc52mh2y5ueqi3anmk9QPseDlBVHKRrhlzKsyvz86,NULL,2018-12-12 11:58:43,2018-12-12 11:58:43,,290@app.com,2018-12-12 11:58:43,RYFXmcUcKllhZdAcoQoQfehjZK8oboeKBHunia4dbD3SjwOYomWZgBQ2rHow,
455,291,291@app.com,$2y$10$/Zw7VdhH0chSF7E4JOJCa.IRdvx8LEfPxtGQjhRj4B/lAhTJfdsDi,NULL,2018-12-12 11:58:44,2018-12-12 11:58:44,,291@app.com,2018-12-12 11:58:44,GObCeWBPADlE5nEukwIqkBhR83arv9pZNgwVfSyiL79ra4jIkdJgSf8zKbPP,
456,292,292@app.com,$2y$10$U9oUtNeFONsYJXX9vCSuwuzEQgPs68IX2lJvt8BCwRP2mLIQN3FN2,NULL,2018-12-12 11:58:44,2018-12-12 11:58:44,,292@app.com,2018-12-12 11:58:44,siLEn0ixHLl8uMddbgHkiIoTMtQs7WWabNPr1e3nXGQUtunX6SFqe99Fuwh7,
457,293,293@app.com,$2y$10$OBfaV7Bhz/gKdYQrD9rUq.Q0KRIdTqyhA6rxUkxgNacfWSs15uFxC,NULL,2018-12-12 11:58:45,2018-12-12 11:58:45,,293@app.com,2018-12-12 11:58:45,UWHXDkav8Oum5WFiU3e0jpNCvT7vNCY6ml1ojWSrKJwayQTZeLehd7XWwIPt,
458,294,294@app.com,$2y$10$FTdespKg2cMRgG1KAxIkxehRS7UXg3UpwP6Ixx8dIpwx3LdhWuuPS,NULL,2018-12-12 11:58:45,2018-12-12 11:58:45,,294@app.com,2018-12-12 11:58:45,NmeOqXHXx8za44xuDWroh48U4Rz9qhhjeTUrdIxHIYxAW87VuEEQ0gkcm6nS,
