1,"2019-02-22 11:27:59","2019-02-22 11:27:59",Hi,bdsak,DSKAJDK@NDSAJK.COM,,,,
2,"2019-02-22 11:28:52","2019-02-22 11:28:52",PRADEEPA,HSA,ASD@qwe.in,7897897989,,dw,
3,"2019-02-22 13:41:36","2019-02-22 13:41:36",sfdsasf,sdfsdf,sdfsdf,sdfsfs,,fsfsfs,
4,"2019-02-22 22:49:37","2019-02-22 22:49:37",czxzx,xzczxc,zxc,zxcxzc,,zxczcx,on
5,"2019-02-23 07:46:39","2019-02-23 07:46:39",,,,,,,on
6,"2019-02-23 09:08:34","2019-02-23 09:08:34",n,n,n@n.n,123455678,,n,on
7,"2019-02-23 09:14:53","2019-02-23 09:14:53",n,n,n@n.n,n,,n,on
8,"2019-02-23 09:16:29","2019-02-23 09:16:29",n,sdfsdf,n@n.com,sdfsfs,,ghdf,
9,"2019-02-23 09:16:32","2019-02-23 09:16:32",,,,,,,
10,"2019-02-23 09:18:44","2019-02-23 09:18:44",n,sdfsdf,n@n.com,sdfsfs,,cfghf,on
11,"2019-02-23 09:19:21","2019-02-23 09:19:21",n,sdfsdf,n@n.com,f,,f,on
12,"2019-02-23 09:21:22","2019-02-23 09:21:22",n,n,n@n.com,n,,n,on
13,"2019-02-23 09:23:09","2019-02-23 09:23:09",n,n,n,n,,n,on
14,,,n,n,n,n,,n,on
15,,,n,,,,,,
16,,,n,,,,,,
17,,,n,,,,,,
18,,,n,,,,,,
19,"2019-02-23 09:42:19","2019-02-23 09:42:19",,,,,,,
20,"2019-02-23 09:43:36","2019-02-23 09:43:36",n,n,n,n,,n,on
21,,,n,n,ff,ff,,ff,on
22,"2019-02-23 11:29:50","2019-02-23 11:29:50",sdfsdf,sdfsd,sdfsdf,sdfsfd,,dsfssd,on
23,"2019-02-23 11:32:40","2019-02-23 11:32:40",n2,n2,n2,n2,,2,on
24,"2019-02-23 11:37:32","2019-02-23 11:37:32",f,f,f,f,,f,on
25,"2019-02-23 11:39:44","2019-02-23 11:39:44",,,,,,,
26,"2019-02-23 11:42:23","2019-02-23 11:42:23",6,n2,6,12345678,,df,on
27,"2019-02-23 11:45:49","2019-02-23 11:45:49",6,n2,6,n2,,dsdsf,on
28,"2019-02-23 11:46:24","2019-02-23 11:46:24",,,,,,,
29,"2019-02-23 11:47:51","2019-02-23 11:47:51",t,t,t,t,,t,
30,"2019-02-23 11:47:53","2019-02-23 11:47:53",t,t,t,t,,t,on
31,"2019-02-23 11:48:12","2019-02-23 11:48:12",v,v,v,v,,v,on
32,"2019-02-23 11:48:29","2019-02-23 11:48:29",v,v,v@gmail.com,v,,v,on
33,"2019-02-25 06:11:25","2019-02-25 06:11:25",eq,qwq,jjh@gmail.com,80544,,eqe,on
34,"2019-02-25 06:11:47","2019-02-25 06:11:47",eq,wq,jjh@gmail.com,80544,,wqwq,on
35,"2019-02-25 06:14:18","2019-02-25 06:14:18",eq,"Pyrumas Software Pvt Ltd #22, Balaji Avenue, 1st Floor, 5th Main Road, Shankar mutt Road,",DSKAJDK@NDSAJK.COM,80544,,jhyude4,on
36,,,gujg,"Pyrumas Software Pvt Ltd #22, Balaji Avenue, 1st Floor, 5th Main Road, Shankar mutt Road,",DSKAJDK@NDSAJK.COM,80544,,io,
37,"2019-02-25 06:18:45","2019-02-25 06:18:45",eq,"Pyrumas Software Pvt Ltd #22, Balaji Avenue, 1st Floor,",DSKAJDK@NDSAJK.COM,80544,,rytre56,on
38,"2019-02-25 06:26:33","2019-02-25 06:26:33",pradeep,chamarajapete,777@ty.com,123456789,,"hI TEST DB",
39,"2019-02-25 06:26:36","2019-02-25 06:26:36",pradeep,chamarajapete,777@ty.com,123456789,,"hI TEST DB",on
40,"2019-02-25 07:01:02","2019-02-25 07:01:02",bro,"Pyrumas Software Pvt Ltd #22, Balaji Avenue, 1st Floor,",pyrumas@pyrumas.com,7894561230,,"test bro",on
41,"2019-02-25 07:04:20","2019-02-25 07:04:20",signoyut,"balaji avenu",ewew@pyru.in,8054412121,,signouttest,on
42,"2019-02-25 07:58:59","2019-02-25 07:58:59",a,a,a,a,,a,on
43,"2019-02-25 08:00:29","2019-02-25 08:00:29",,,,,,,
44,"2019-02-25 08:00:40","2019-02-25 08:00:40",x,x,xz,zx,,zx,on
45,"2019-02-25 08:05:26","2019-02-25 08:05:26",n,n,n,n,,n,on
46,"2019-02-25 08:24:38","2019-02-25 08:24:38",,,,,,,
47,"2019-02-25 08:24:40","2019-02-25 08:24:40",,,,,,,
48,"2019-02-25 08:24:46","2019-02-25 08:24:46",,,h,h,,h,on
49,"2019-02-25 08:25:23","2019-02-25 08:25:23",6,n2,6,n2,,f,on
50,"2019-02-25 08:37:40","2019-02-25 08:37:40",h,h,h,h,,h,on
51,"2019-02-25 08:38:54","2019-02-25 08:38:54",6,n,t,n2,,fg,on
52,"2019-02-25 08:41:02","2019-02-25 08:41:02",n,n,t,n2,,sdad,on
53,"2019-02-25 09:05:21","2019-02-25 09:05:21",6,n,t,n,,fdvd,on
54,"2019-02-25 09:09:34","2019-02-25 09:09:34",c,c,c,c,,c,on
55,"2019-02-25 09:19:27","2019-02-25 09:19:27",df,dsf,dfs,ffs,,fsf,on
56,"2019-02-25 09:28:42","2019-02-25 09:28:42",b,b,b,b,,b,on
57,"2019-02-25 09:34:31","2019-02-25 09:34:31",dsfs,dfsdf,sdfs,dfsfs,,sfsfs,on
58,"2019-02-25 09:37:53","2019-02-25 09:37:53",df,sdfs,sdf,sdfs,,sfs,on
59,"2019-02-25 09:45:06","2019-02-25 09:45:06",6,n,6,sdfsfs,,sdsad,on
60,"2019-02-25 09:49:14","2019-02-25 09:49:14",6,n,t,sdfsfs,,sadad,on
61,"2019-02-25 09:57:17","2019-02-25 09:57:17",6,6,6,6,,6,on
62,"2019-02-25 10:01:24","2019-02-25 10:01:24",6,n,t,sdfsfs,,sdsd,on
63,"2019-02-25 10:01:49","2019-02-25 10:01:49",,,,,,,on
64,"2019-02-25 10:02:23","2019-02-25 10:02:23",,,,,,,on
65,"2019-02-25 10:03:02","2019-02-25 10:03:02",,,,,,,on
66,"2019-02-25 10:03:26","2019-02-25 10:03:26",,,,,,,on
67,"2019-02-25 10:26:24","2019-02-25 10:26:24",6,sdfsdf,t,n2,,sdfs,on
68,"2019-02-25 10:27:55","2019-02-25 10:27:55",,,,,,,on
69,"2019-02-25 10:30:30","2019-02-25 10:30:30",,,,,,,on
70,"2019-02-25 10:37:07","2019-02-25 10:37:07",xzc,xcz,zxz,czxcz,,zc,on
71,"2019-02-25 10:38:37","2019-02-25 10:38:37",Pradeep,address,pradeep@pyrumas.com,12345678,,test,on
72,"2019-02-25 11:18:55","2019-02-25 11:18:55",6,n,t,t,,t,on
73,"2019-02-25 11:20:50","2019-02-25 11:20:50",n,n,n,n,,n,on
74,"2019-03-01 10:31:48","2019-03-01 10:31:48",eq,"balaji avenu",ewew,7894561230,,sdwd,on
